"chrom","pos","ref","alt","variant_class","qual","filter","missing_rate","heterozygote_rate","allele_frequency","minor_allele_frequency","mean_dp","median_dp","mean_gq","qd","fs","mq","mq_rank_sum","read_pos_rank_sum","sor","info_dp"
"Quercus_202121576_plastome",529,"T","G","SNP",126.71,"PASS",0.00956937799043062,0,0,0,614.454545454545,575,97.7177033492823,5.07,0,59.78,0.795,3.21,0.604,128973
"Quercus_202121576_plastome",538,"C","T","SNP",117.63,"PASS",0,0,0,0,614.215311004785,575,98.3923444976077,4.2,0,59.76,0.894,3.3,0.539,128953
"Quercus_202121576_plastome",626,"G","A","SNP",123442,"PASS",0,0.0287081339712919,0.0191387559808612,0.0191387559808612,648.066985645933,599,99,29.37,0,60,0,0.846,0.761,136525
"Quercus_202121576_plastome",833,"T","G","SNP",883.07,"PASS",0.0909090909090909,0.00956937799043062,0.0050125313283208,0.0050125313283208,657.306220095694,613,89.7511961722488,2.31,5.347,60,0,-0.094,1.042,139073
"Quercus_202121576_plastome",1020,"A","G","SNP",520.71,"PASS",0.00478468899521531,0.00478468899521531,0.00239808153477218,0.00239808153477218,653.267942583732,603,98.5263157894737,2.36,1.634,60,0,0.315,0.874,138444
"Quercus_202121576_plastome",1055,"G","A","SNP",24223.6,"PASS",0,0,0.00478468899521531,0.00478468899521531,656.167464114833,608,98.9282296650718,28.73,0,60,0,1.14,0.549,139139
"Quercus_202121576_plastome",1141,"C","T","SNP",786.71,"PASS",0,0.00478468899521531,0.00239234449760766,0.00239234449760766,660.765550239234,613,98.7081339712919,3,0,60,0,-0.133,0.744,140145
"Quercus_202121576_plastome",1273,"C","T","SNP",1082.62,"PASS",0.062200956937799,0.00956937799043062,0.00493827160493827,0.00493827160493827,661.645933014354,614,92.7129186602871,2.36,4.009,59.97,0.514,0.178,0.792,140285
"Quercus_202121576_plastome",1274,"G","A","SNP",610034,"PASS",0.0287081339712919,0.0334928229665072,0.0946601941747573,0.0946601941747573,674.976076555024,615,95.5311004784689,30.97,0,59.97,0,-0.019,0.716,143498
"Quercus_202121576_plastome",1764,"T","C","SNP",447.76,"PASS",0,0,0,0,634.153110047847,593,99,19.47,0,59.72,-0.154,1.7,0.99,133407
"Quercus_202121576_plastome",1812,"A","AT","indel",87.81,"PASS",0.00956937799043062,0,0,0,639.894736842105,599,98.066985645933,3.82,2.682,60,0,-0.774,1.609,134969
"Quercus_202121576_plastome",2116,"T","TTC","indel",207.76,"PASS",0.00956937799043062,0,0,0,646.746411483254,604,98.0526315789474,2.39,36.874,59.84,0.415,-3.175,4.974,136058
"Quercus_202121576_plastome",2118,"A","ATTATGAAATGTTTATGC","indel",207.71,"PASS",0,0,0,0,646.789473684211,604,99,2.39,36.874,59.84,0.415,-3.718,4.974,136049
"Quercus_202121576_plastome",2873,"T","C","SNP",20846.4,"PASS",0,0,0.00478468899521531,0.00478468899521531,620.564593301435,573,98.7607655502392,27.24,0,60,0,-0.014,0.514,130952
"Quercus_202121576_plastome",2882,"C","T","SNP",492.76,"PASS",0.0239234449760766,0.00956937799043062,0.00484261501210654,0.00484261501210654,619.818181818182,570,96.5215311004785,2.04,0.75,60,0,-0.223,0.825,130790
"Quercus_202121576_plastome",3113,"A","AATAAATCTATTTCCAT","indel",151.64,"PASS",0.00478468899521531,0,0,0,608.507177033493,557,98.5693779904306,3.3,26.63,60,0,-1.209,4.164,128017
"Quercus_202121576_plastome",3539,"C","T","SNP",224.92,"PASS",0.0287081339712919,0.00478468899521531,0.00242718446601942,0.00242718446601942,583.875598086124,537,96.444976076555,2.01,16.085,59.83,-3.9,1.16,1.977,123041
"Quercus_202121576_plastome",3541,"A","G","SNP",228.43,"PASS",0.0813397129186603,0.00478468899521531,0.00249376558603491,0.00249376558603491,584.253588516746,537,91.2248803827751,2.06,16.085,59.83,-3.881,0.401,1.977,123144
"Quercus_202121576_plastome",3670,"A","C","SNP",2453.25,"PASS",0,0,0,0,583.282296650718,537,98.6746411483254,26.1,0,59.92,0,-0.701,0.269,123056
"Quercus_202121576_plastome",4697,"A","AAAAT","indel",86539.3,"PASS",0.0191387559808612,0.0382775119617225,0.0338164251207729,0.0338164251207729,525.311004784689,463,96.688995215311,25.56,0,59.93,0,0.659,0.72,111411
"Quercus_202121576_plastome",4907,"A","T","SNP",179.59,"PASS",0,0.00478468899521531,0.00239234449760766,0.00239234449760766,539.019138755981,482,98.9138755980861,2.19,0.87,58.88,0.958,-0.32,0.73,115481
"Quercus_202121576_plastome",5479,"C","A","SNP",1901.11,"PASS",0.0143540669856459,0,0,0,514.578947368421,507,97.0239234449761,23.76,4.721,59.82,-0.331,-0.149,1.484,108864
"Quercus_202121576_plastome",5750,"T","C","SNP",130605,"PASS",0,0.0143540669856459,0.0263157894736842,0.0263157894736842,596.526315789474,594,98.7177033492823,28.17,0,59.97,0,0.273,0.604,125914
"Quercus_202121576_plastome",5786,"T","G","SNP",27038.1,"PASS",0.0478468899521531,0,0.00490196078431373,0.00490196078431373,590.086124401914,574,93.799043062201,26.8,3.054,60,0,0.688,0.28,124473
"Quercus_202121576_plastome",5915,"A","AT","indel",201.87,"PASS",0.0143540669856459,0,0,0,544.803827751196,525,97.4736842105263,4.59,21.852,60,0,-0.562,4.404,115161
"Quercus_202121576_plastome",5995,"CT","C","indel",841811,"PASS",0.00478468899521531,0,0.23021582733813,0.23021582733813,529.956937799043,507,98.3062200956938,29.82,0,59.99,0,0.229,0.719,114857
"Quercus_202121576_plastome",6239,"A","ACCATTTGT","indel",75.63,"PASS",0,0,0,0,510.387559808612,474,98.7607655502392,2.8,5.787,59.69,0.676,-0.784,2.799,107512
"Quercus_202121576_plastome",6241,"A","T","SNP",74.75,"PASS",0.00956937799043062,0,0,0,510.401913875598,474,98.0382775119617,2.77,5.787,59.7,0.676,-2.574,2.799,107512
"Quercus_202121576_plastome",7327,"A","ACCCTTTAACATAGAAT","indel",62.87,"PASS",0.0334928229665072,0,0,0,502.727272727273,504,95.4736842105263,3.93,18.87,59.76,0.31,-0.473,4.173,105716
"Quercus_202121576_plastome",7394,"A","AACTTTATTTTATT","indel",101.71,"PASS",0.0143540669856459,0,0,0,495.114832535885,472,97.5263157894737,3.08,2.701,59.6,0.806,-1.433,1.258,104259
"Quercus_202121576_plastome",7397,"GAAGAAATAGA","G","indel",3774420,"PASS",0.0143540669856459,0,0.824096385542169,0.175903614457831,545.272727272727,477,97.622009569378,26,0,59.99,3.13,1.26,0.297,128638
"Quercus_202121576_plastome",7492,"A","G","SNP",3980780,"PASS",0.062200956937799,0,0.844444444444444,0.155555555555556,626.899521531101,560,92.5406698564593,30.02,0,60,0,-0.2,0.654,135499
"Quercus_202121576_plastome",7575,"T","TGAGACAAAGTGTA","indel",99.71,"PASS",0,0,0,0,612.406698564593,566,99,5.25,9.863,59.27,0.645,-0.651,3.25,128824
"Quercus_202121576_plastome",7648,"A","C","SNP",39798.7,"PASS",0.0239234449760766,0,0.00968523002421308,0.00968523002421308,628.645933014354,591,96.0956937799043,27.51,2.158,59.98,0,0.483,0.483,132435
"Quercus_202121576_plastome",7816,"A","T","SNP",2930.62,"PASS",0.0191387559808612,0,0,0,559.344497607656,494,96.9856459330144,24.63,15.621,60,0,-0.444,0.229,117785
"Quercus_202121576_plastome",7969,"G","T","SNP",70296.8,"PASS",0.00956937799043062,0,0.0192307692307692,0.0192307692307692,569.842105263158,511,98.1674641148325,29.11,3.032,60,0,-0.024,0.232,119639
"Quercus_202121576_plastome",7986,"T","A","SNP",275.86,"PASS",0.0334928229665072,0.00478468899521531,0.0024330900243309,0.0024330900243309,569,511,95.2631578947368,3.45,1.775,59.97,0,0.156,0.661,119432
"Quercus_202121576_plastome",8096,"A","AAACAACC","indel",63.96,"PASS",0.0478468899521531,0,0,0,577.44976076555,512,93.3492822966507,7.11,5.105,59.85,0.431,-0.482,1.508,121127
"Quercus_202121576_plastome",8247,"C","CATTAAT","indel",132555,"PASS",0.00956937799043062,0,0.0288461538461538,0.0288461538461538,578.77990430622,513,98.177033492823,28.08,0,60,0,0.486,0.656,122657
"Quercus_202121576_plastome",8909,"A","C","SNP",5424.56,"PASS",0.0143540669856459,0,0,0,596.334928229665,538,97.4641148325359,25.95,0,60,0,0.114,0.43,126315
"Quercus_202121576_plastome",9033,"G","T","SNP",62784.4,"PASS",0.0143540669856459,0,0.0192771084337349,0.0192771084337349,594.086124401914,538,97.133971291866,23.23,0,59.99,0,1.26,0.383,125076
"Quercus_202121576_plastome",9264,"G","GAGAGA","indel",102.28,"PASS",0.062200956937799,0,0,0,596.803827751196,542,91.5741626794258,3.1,27.107,59.09,0.668,-1.619,3.586,125877
"Quercus_202121576_plastome",10729,"A","ATCCAAT","indel",84.27,"PASS",0.062200956937799,0,0,0,631.454545454545,554,92.3062200956938,2.16,26.865,59.98,0.221,0.926,4.677,132963
"Quercus_202121576_plastome",11588,"T","C","SNP",402.96,"PASS",0.0956937799043062,0.00478468899521531,0.00251256281407035,0.00251256281407035,484.760765550239,416,88.4497607655502,2.41,1.402,59.96,0,-0.053,0.557,102742
"Quercus_202121576_plastome",11591,"A","G","SNP",356.8,"PASS",0.0191387559808612,0.00478468899521531,0.00241545893719807,0.00241545893719807,484.282296650718,416,96.7942583732057,3.64,3.974,60,0,-0.35,1.366,102657
"Quercus_202121576_plastome",11598,"A","G","SNP",89591.3,"PASS",0.0478468899521531,0,0.0343137254901961,0.0343137254901961,484.866028708134,416,93.7081339712919,31.85,2.208,59.94,0,0.801,0.747,102589
"Quercus_202121576_plastome",12931,"T","C","SNP",5594.48,"PASS",0,0,0,0,596.531100478469,539,99,27.7,0,60,NA,NA,0.713,126524
"Quercus_202121576_plastome",13582,"T","C","SNP",68213.2,"PASS",0,0,0.00956937799043062,0.00956937799043062,653.11961722488,565,99,28.55,3.032,59.99,0.764,-0.671,0.839,137881
"Quercus_202121576_plastome",14011,"A","AT","indel",69980.5,"PASS",0.076555023923445,0,0.0348258706467662,0.0348258706467662,582.354066985646,488,90.8947368421053,27.73,0,59.96,0,0.972,0.58,123933
"Quercus_202121576_plastome",14826,"T","G","SNP",66762.2,"PASS",0.0526315789473684,0,0.00491400491400491,0.00491400491400491,553.488038277512,487,93.3875598086124,29.52,0,60,0,-3.085,0.684,116279
"Quercus_202121576_plastome",15160,"A","T","SNP",24847.2,"PASS",0,0,0.00478468899521531,0.00478468899521531,602.942583732057,543,99,31.45,0,59.98,10.4,0.222,0.929,127186
"Quercus_202121576_plastome",15211,"A","G","SNP",82979.2,"PASS",0,0,0.00478468899521531,0.00478468899521531,604.311004784689,543,99,33.27,0,60,NA,NA,1.005,127391
"Quercus_202121576_plastome",15241,"G","GGATTAAA","indel",3413.52,"PASS",0.0287081339712919,0,0,0,641.88995215311,563,96.2344497607656,31.26,15.483,59.4,-0.362,0.938,1.775,135085
"Quercus_202121576_plastome",15767,"A","T","SNP",51106.9,"PASS",0.0669856459330144,0,0.00495049504950495,0.00495049504950495,606.459330143541,523,92.2200956937799,27.76,3.622,60,0,2.82,0.834,127867
"Quercus_202121576_plastome",15863,"AC","A","indel",518.04,"PASS",0.0430622009569378,0.00478468899521531,0.00244498777506112,0.00244498777506112,593.086124401914,515,94.7655502392344,2.17,13.616,60,0,-4.35,1.559,124820
"Quercus_202121576_plastome",16416,"T","TG","indel",51997.6,"PASS",0.00956937799043062,0,0.00480769230769231,0.00480769230769231,575.11961722488,490,97.3444976076555,28.76,0,60,0,-0.615,0.585,121524
"Quercus_202121576_plastome",16577,"ATTTAT","A","indel",58644.9,"PASS",0.0191387559808612,0,0.00483091787439614,0.00483091787439614,595.200956937799,515,96.8277511961722,26.08,0,60,0,0.901,0.816,125641
"Quercus_202121576_plastome",17150,"A","G","SNP",143572,"PASS",0,0.00956937799043062,0.0287081339712919,0.0287081339712919,704.186602870813,644,98.6459330143541,32.94,0,60,0,-0.923,0.721,149282
"Quercus_202121576_plastome",17357,"G","T","SNP",50627.6,"PASS",0.0574162679425837,0.00478468899521531,0.0123152709359606,0.0123152709359606,676.224880382775,599,92.5598086124402,26.4,1.182,60,0,1.59,0.786,142615
"Quercus_202121576_plastome",17588,"A","AAGAGATACAAGTAAC","indel",203.96,"PASS",0.0430622009569378,0,0,0,682.693779904306,633,94.244019138756,7.03,29.588,60,0,-1.866,4.162,143298
"Quercus_202121576_plastome",17935,"T","C","SNP",143895,"PASS",0,0,0.00478468899521531,0.00478468899521531,734.377990430622,659,99,33.85,0,60,0,0.088,0.661,155049
"Quercus_202121576_plastome",17980,"C","T","SNP",311.71,"PASS",0.00956937799043062,0.00478468899521531,0.00240384615384615,0.00240384615384615,735.593301435407,659,97.9186602870813,2.18,3.577,60,0,0.148,0.964,155396
"Quercus_202121576_plastome",18359,"A","G","SNP",17626.4,"PASS",0,0.00478468899521531,0.00717703349282297,0.00717703349282297,741.473684210526,671,99,31.65,0.908,59.99,4.36,0.757,0.634,156251
"Quercus_202121576_plastome",18994,"C","T","SNP",158997,"PASS",0.00956937799043062,0.0143540669856459,0.0264423076923077,0.0264423076923077,758.153110047847,664,98.0574162679426,34.24,0,60,0,0.454,0.774,161185
"Quercus_202121576_plastome",19144,"C","T","SNP",570250,"PASS",0,0.00478468899521531,0.0885167464114833,0.0885167464114833,761.526315789474,670,98.7511961722488,25.42,0,60,0,0.73,0.675,161371
"Quercus_202121576_plastome",19535,"G","A","SNP",803.63,"PASS",0.0191387559808612,0.00956937799043062,0.00483091787439614,0.00483091787439614,720.267942583732,619,96.488038277512,2.24,0,59.93,-4.758,0.519,0.754,152030
"Quercus_202121576_plastome",19661,"G","T","SNP",5027850,"PASS",0.0526315789473684,0.0526315789473684,0.867321867321867,0.132678132678133,763.77033492823,626,93.5263157894737,27.65,0,59.99,0,-0.161,0.68,164480
"Quercus_202121576_plastome",19702,"A","G","SNP",114046,"PASS",0,0.0239234449760766,0.0215311004784689,0.0215311004784689,669.827751196172,597,98.9904306220096,31.19,0,59.99,0,0.265,0.627,140950
"Quercus_202121576_plastome",20467,"T","G","SNP",153779,"PASS",0.00478468899521531,0,0.00959232613908873,0.00959232613908873,699.028708133971,626,98.6124401913876,29.48,0,60,0,-0.494,0.601,147430
"Quercus_202121576_plastome",21016,"G","A","SNP",98456.5,"PASS",0.0334928229665072,0,0.0048661800486618,0.0048661800486618,637.574162679426,592,95.4306220095694,30.56,0,59.99,NA,NA,0.852,134700
"Quercus_202121576_plastome",21165,"C","T","SNP",69213.7,"PASS",0.0382775119617225,0,0.0195121951219512,0.0195121951219512,639.507177033493,593,95.0526315789474,33.63,3.189,60,0,1.97,0.455,135024
"Quercus_202121576_plastome",21176,"G","A","SNP",104348,"PASS",0.00956937799043062,0,0.00480769230769231,0.00480769230769231,639.062200956938,593,97.9043062200957,30.55,0,59.99,0,1.18,0.262,135136
"Quercus_202121576_plastome",21715,"A","T","SNP",106055,"PASS",0.0430622009569378,0,0.00488997555012225,0.00488997555012225,691.947368421053,660,94.3492822966507,32.62,0,60,0,-1.607,0.673,146596
"Quercus_202121576_plastome",22943,"T","G","SNP",75610.5,"PASS",0,0,0.0191387559808612,0.0191387559808612,644.980861244019,608,99,35.36,0,60,0,0.022,0.529,135976
"Quercus_202121576_plastome",23218,"G","T","SNP",587.86,"PASS",0.0143540669856459,0.00478468899521531,0.00240963855421687,0.00240963855421687,651.478468899522,608,97.3444976076555,4.17,1.839,59.64,-0.77,-1.23,0.922,137784
"Quercus_202121576_plastome",23242,"TGACG","T","indel",761.59,"PASS",0,0.00478468899521531,0.00239234449760766,0.00239234449760766,652.526315789474,608,98.9043062200957,5.33,0,59.51,-4.18,-1.171,0.729,137980
"Quercus_202121576_plastome",23247,"A","AATAG","indel",599.67,"PASS",0,0.00478468899521531,0.00239234449760766,0.00239234449760766,655.282296650718,606,99,4.38,0,59.49,-4.492,-0.637,0.704,138566
"Quercus_202121576_plastome",23269,"G","C","SNP",452.83,"PASS",0.00956937799043062,0.00478468899521531,0.00240384615384615,0.00240384615384615,654.952153110048,606,97.9856459330144,3.59,0.943,59.44,-4.792,1.58,0.714,138406
"Quercus_202121576_plastome",23775,"T","C","SNP",36782.2,"PASS",0,0,0.0143540669856459,0.0143540669856459,636.028708133971,597,99,34.41,0,60,8.38,1.12,0.454,134891
"Quercus_202121576_plastome",24134,"TTC","T","indel",87.63,"PASS",0,0,0,0,626.239234449761,583,99,2.31,13.191,59.38,0.614,-0.898,3.603,132091
"Quercus_202121576_plastome",24736,"C","CCCCA","indel",161.14,"PASS",0.0813397129186603,0.00478468899521531,0.00249376558603491,0.00249376558603491,176.22009569378,84,87.7607655502392,5.04,19.413,57.69,0.551,-0.686,0.614,37177
"Quercus_202121576_plastome",25084,"G","A","SNP",6039.48,"PASS",0.00478468899521531,0,0,0,634.272727272727,597,98.4066985645933,26.26,0,59.99,0,-0.304,0.729,134794
"Quercus_202121576_plastome",25230,"T","C","SNP",94543,"PASS",0.0382775119617225,0,0.0195121951219512,0.0195121951219512,700.607655502392,640,95.0430622009569,34.3,1.697,60,0,-0.467,0.447,147621
"Quercus_202121576_plastome",25303,"A","G","SNP",20053.1,"PASS",0.0334928229665072,0,0.0048661800486618,0.0048661800486618,689.435406698565,629,95.4928229665072,34.87,0,60,0,-0.149,0.532,145471
"Quercus_202121576_plastome",25947,"G","GGAATGAATCAGAATT","indel",176.67,"PASS",0,0,0,0,702.846889952153,637,99,2.05,41.353,59.72,0.757,-1.126,5.532,148630
"Quercus_202121576_plastome",26347,"G","A","SNP",1953.61,"PASS",0,0,0,0,698.856459330144,640,99,27.52,2.129,59.56,-0.183,-2.134,0.56,148014
"Quercus_202121576_plastome",27165,"C","T","SNP",619.87,"PASS",0.00956937799043062,0.00478468899521531,0.00240384615384615,0.00240384615384615,723.478468899522,696,98.1244019138756,3.87,1.006,60,0,1.51,0.789,153791
"Quercus_202121576_plastome",27309,"C","T","SNP",3052.63,"PASS",0,0,0,0,724.708133971292,683,99,21.5,0.838,60,0,0.738,0.836,153266
"Quercus_202121576_plastome",27604,"T","G","SNP",369.71,"PASS",0,0.00478468899521531,0.00239234449760766,0.00239234449760766,722.090909090909,691,99,3.21,2.22,60,0,1.8,0.616,152371
"Quercus_202121576_plastome",27619,"C","T","SNP",459.8,"PASS",0.00478468899521531,0.00478468899521531,0.00239808153477218,0.00239808153477218,722.358851674641,691,98.5263157894737,4,3.418,60,0,1.61,0.94,152407
"Quercus_202121576_plastome",27639,"G","A","SNP",552.67,"PASS",0,0.00478468899521531,0.00239234449760766,0.00239234449760766,720.138755980861,691,99,4.85,4.737,60,0,0.838,1.194,152004
"Quercus_202121576_plastome",28085,"G","A","SNP",454.89,"PASS",0.0287081339712919,0.00478468899521531,0.00242718446601942,0.00242718446601942,690.057416267943,645,96.2822966507177,2.46,6.148,59.95,0.31,-0.017,0.985,145738
"Quercus_202121576_plastome",28092,"C","T","SNP",451.75,"PASS",0.00478468899521531,0.00478468899521531,0.00239808153477218,0.00239808153477218,689.985645933014,645,98.3875598086124,2.43,8.494,59.96,0,-0.711,1.322,145602
"Quercus_202121576_plastome",28172,"A","G","SNP",348.71,"PASS",0.00478468899521531,0.00478468899521531,0.00239808153477218,0.00239808153477218,694.822966507177,648,98.5263157894737,3.39,3.741,60,0,0.178,0.351,146552
"Quercus_202121576_plastome",28175,"C","T","SNP",492.41,"PASS",0.0813397129186603,0.00478468899521531,0.00249376558603491,0.00249376558603491,696.057416267943,648,90.1004784688995,4.78,1.926,59.86,0.363,-0.391,0.449,146823
"Quercus_202121576_plastome",28692,"T","A","SNP",282.75,"PASS",0.00478468899521531,0.00478468899521531,0.00239808153477218,0.00239808153477218,635.755980861244,579,98.5263157894737,2.59,5.828,60,0,-0.363,1.634,134051
"Quercus_202121576_plastome",28724,"G","A","SNP",606.22,"PASS",0.0574162679425837,0.00478468899521531,0.00246305418719212,0.00246305418719212,636.952153110048,579,92.5263157894737,6,0,60,0,0.496,0.616,134140
"Quercus_202121576_plastome",28757,"T","C","SNP",229.75,"PASS",0.00478468899521531,0.00478468899521531,0.00239808153477218,0.00239808153477218,635.703349282297,579,98.5263157894737,2.03,0,60,0,0.203,0.651,133782
"Quercus_202121576_plastome",28952,"A","G","SNP",78361.4,"PASS",0,0,0.00478468899521531,0.00478468899521531,630.822966507177,579,99,27,0,60,0,-1.264,0.47,132810
"Quercus_202121576_plastome",29007,"A","AAATC","indel",497.86,"PASS",0.0191387559808612,0,0,0,626.574162679426,579,96.7751196172249,2.05,58.434,59.96,0,-0.242,5.125,131922
"Quercus_202121576_plastome",29188,"C","T","SNP",745.71,"PASS",0,0,0,0,599.612440191388,535,98.799043062201,20.71,6.41,59.25,4.83,0.458,0.387,126252
"Quercus_202121576_plastome",29538,"A","C","SNP",61154.9,"PASS",0.076555023923445,0,0.00497512437810945,0.00497512437810945,591.578947368421,530,89.6985645933014,30.82,0,60,0,-2.238,0.481,124796
"Quercus_202121576_plastome",29553,"AT","A","indel",6980.36,"PASS",0,0,0.00478468899521531,0.00478468899521531,600.406698564593,544,98.6842105263158,26.54,2.601,59.88,8.08,3.15,0.643,126925
"Quercus_202121576_plastome",29753,"C","T","SNP",71537.5,"PASS",0,0,0.00478468899521531,0.00478468899521531,554.253588516746,480,98.9138755980861,35.92,0,60,0,0.736,0.119,117031
"Quercus_202121576_plastome",30864,"A","ATATAT","indel",117399,"PASS",0.00478468899521531,0,0.00479616306954436,0.00479616306954436,647.287081339713,587,98.5741626794258,29.63,3.189,60,0,0.75,0.374,137055
"Quercus_202121576_plastome",31410,"A","AT","indel",21166.5,"PASS",0,0,0.00478468899521531,0.00478468899521531,669.344497607656,602,99,29.94,0,60,NA,NA,0.797,141083
"Quercus_202121576_plastome",31854,"T","TTGA","indel",2574.68,"PASS",0.00478468899521531,0,0,0,678.645933014354,579,98.5885167464115,28.86,2.691,59.96,-0.091,0.922,0.29,143500
"Quercus_202121576_plastome",32022,"C","T","SNP",236337,"PASS",0.0526315789473684,0,0.0442260442260442,0.0442260442260442,674.736842105263,575,93.8373205741627,34.43,0,60,0,-0.234,0.585,142311
"Quercus_202121576_plastome",32066,"T","C","SNP",19132.5,"PASS",0,0,0.00478468899521531,0.00478468899521531,669.574162679426,575,98.8373205741627,29.41,0,60,0,-0.596,0.907,141063
"Quercus_202121576_plastome",32368,"A","ATT","indel",32544.7,"PASS",0.0861244019138756,0.00956937799043062,0.01,0.01,659.636363636364,566,90.4306220095694,31.41,0,59.94,0,5.15,0.687,138316
"Quercus_202121576_plastome",32699,"CAATGGTA","C","indel",301627,"PASS",0.0191387559808612,0,0.0386473429951691,0.0386473429951691,675.674641148325,580,97.2057416267943,34.66,0,60,0,0.546,0.407,142369
"Quercus_202121576_plastome",32945,"G","A","SNP",62323,"PASS",0.00478468899521531,0,0.00959232613908873,0.00959232613908873,668.507177033493,578,98.5263157894737,29.4,0,59.98,6.02,1.05,0.731,140776
"Quercus_202121576_plastome",33418,"C","T","SNP",77523.5,"PASS",0.0526315789473684,0,0.00491400491400491,0.00491400491400491,702.320574162679,606,93.3492822966507,30.54,0,60,24.93,-0.946,0.44,147942
"Quercus_202121576_plastome",34125,"GA","G","indel",128871,"PASS",0.0287081339712919,0,0.00970873786407767,0.00970873786407767,685.052631578947,594,96.2918660287081,30.42,0,59.97,-0.123,0.513,0.511,144305
"Quercus_202121576_plastome",34742,"T","G","SNP",39.71,"PASS",0,0,0,0,638.205741626794,541,99,4.41,0,59.78,0.282,0.862,0.223,133884
"Quercus_202121576_plastome",34743,"G","A","SNP",40.15,"PASS",0.0574162679425837,0,0,0,638.650717703349,541,92.6842105263158,4.46,0,59.78,0.282,0.862,0.223,133977
"Quercus_202121576_plastome",35443,"G","A","SNP",54846,"PASS",0.00478468899521531,0,0.00959232613908873,0.00959232613908873,529.569377990431,459,98.5263157894737,27.86,0,60,-0.094,-0.073,0.238,111450
"Quercus_202121576_plastome",35530,"T","C","SNP",73110.2,"PASS",0,0,0.00478468899521531,0.00478468899521531,530.760765550239,457,99,34.17,0,59.99,0,1.03,0.905,111654
"Quercus_202121576_plastome",35551,"CAG","C","indel",516.71,"PASS",0.00478468899521531,0,0,0,524.966507177033,452,97.9904306220096,2.17,88.549,60,0,-0.766,6.803,110299
"Quercus_202121576_plastome",35556,"T","TAG","indel",496.55,"PASS",0.00478468899521531,0,0,0,524.564593301435,452,98.5023923444976,2.02,89.459,60,0,-0.657,6.803,110210
"Quercus_202121576_plastome",35601,"T","TA","indel",75348.3,"PASS",0,0,0.00956937799043062,0.00956937799043062,523.784688995215,452,98.9904306220096,24.99,0,59.91,4.94,-0.062,0.774,110654
"Quercus_202121576_plastome",35651,"A","G","SNP",130609,"PASS",0.0143540669856459,0,0.0337349397590361,0.0337349397590361,520.827751196172,459,96.9521531100478,33.72,0,60,0,-0.14,0.788,110405
"Quercus_202121576_plastome",35766,"A","ATCTCTATTCCC","indel",134.63,"PASS",0.00478468899521531,0,0,0,494.928229665072,419,98.5263157894737,3.64,16.251,59.58,0.683,-1.953,3.694,103981
"Quercus_202121576_plastome",36181,"A","C","SNP",51395.9,"PASS",0.0382775119617225,0,0.00975609756097561,0.00975609756097561,555.77033492823,498,95.2296650717703,30.2,0,59.99,4.49,0.917,1.131,117594
"Quercus_202121576_plastome",36384,"A","G","SNP",95439.3,"PASS",0,0,0.00478468899521531,0.00478468899521531,586.698564593301,527,99,30.49,0,60,15.09,-0.501,0.28,123430
"Quercus_202121576_plastome",36555,"A","ATTTCGC","indel",91.09,"PASS",0.0574162679425837,0,0,0,593.019138755981,513,92.8564593301435,4.14,2.567,59.44,0.589,-1.029,1.329,124717
"Quercus_202121576_plastome",36625,"TA","T","indel",53084.1,"PASS",0.0191387559808612,0,0.00483091787439614,0.00483091787439614,617.985645933014,553,96.5263157894737,30.09,0,59.87,5.59,2,0.612,130270
"Quercus_202121576_plastome",37636,"T","C","SNP",571849,"PASS",0.0334928229665072,0.947368421052632,0.481751824817518,0.481751824817518,1134.65550239234,1008,95.5693779904306,2.58,0,59.99,0,-0.037,0.744,249380
"Quercus_202121576_plastome",38250,"A","C","SNP",19213.5,"PASS",0,0.0334928229665072,0.0167464114832536,0.0167464114832536,1069.19138755981,929,99,2.99,0,59.99,0,0.82,0.661,225927
"Quercus_202121576_plastome",38264,"G","A","SNP",718493,"PASS",0.0287081339712919,0.961722488038278,0.487864077669903,0.487864077669903,1152.54066985646,949,95.9234449760766,3.19,0,60,0,0.132,0.711,249576
"Quercus_202121576_plastome",38325,"GAGGTTCTA","G","indel",12306.1,"PASS",0,0.00956937799043062,0.00478468899521531,0.00478468899521531,1081.9043062201,906,99,2.83,2.806,60,0,-0.295,0.505,228307
"Quercus_202121576_plastome",38436,"A","C","SNP",39062.1,"PASS",0.00478468899521531,0.0669856459330144,0.0335731414868106,0.0335731414868106,1080.04784688995,906,98.5263157894737,2.06,0,60,0,-0.253,0.68,228537
"Quercus_202121576_plastome",38559,"A","C","SNP",696031,"PASS",0.00478468899521531,0.976076555023923,0.489208633093525,0.489208633093525,1108.66985645933,923,98.3732057416268,3.21,0,59.99,0,-0.424,0.686,239096
"Quercus_202121576_plastome",38564,"T","G","SNP",504613,"PASS",0,0.885167464114832,0.442583732057416,0.442583732057416,1106.13397129187,914,98.5837320574163,2.64,0,59.99,0,-0.204,0.695,236840
"Quercus_202121576_plastome",38613,"G","A","SNP",684069,"PASS",0.0191387559808612,0.971291866028708,0.490338164251208,0.490338164251208,1080.2009569378,902,97.1052631578947,3.27,0,59.99,0,0.177,0.755,234668
"Quercus_202121576_plastome",38796,"A","C","SNP",499865,"PASS",0.0239234449760766,0.937799043062201,0.474576271186441,0.474576271186441,1033.65071770335,858,96.2966507177033,2.65,0,60,0,0.376,0.692,222327
"Quercus_202121576_plastome",38877,"G","A","SNP",478389,"PASS",0.0909090909090909,0.894736842105263,0.468671679197995,0.468671679197995,967.416267942584,816,89.7894736842105,2.86,0,60,0,0.95,0.767,210487
"Quercus_202121576_plastome",38956,"GGGGGA","G","indel",8237.02,"PASS",0,0.0143540669856459,0.00717703349282297,0.00717703349282297,991.708133971292,848,99,2.82,0.8,60,0,0.894,0.743,208940
"Quercus_202121576_plastome",38965,"GGAT","G","indel",8264.02,"PASS",0,0.0143540669856459,0.00717703349282297,0.00717703349282297,1004.98086124402,847,99,2.79,0.803,60,0,0.907,0.663,212384
"Quercus_202121576_plastome",39348,"C","T","SNP",80302.1,"PASS",0.0909090909090909,0,0.0150375939849624,0.0150375939849624,791.564593301435,720,89.2200956937799,29.53,0,59.97,0,1.1,0.052,167855
"Quercus_202121576_plastome",40104,"AT","A","indel",55671.6,"PASS",0.00956937799043062,0,0.00961538461538462,0.00961538461538462,817.272727272727,743,97.8133971291866,22.34,3.37,59.76,2.59,0.014,0.392,174413
"Quercus_202121576_plastome",40257,"TAA","T","indel",64696.7,"PASS",0,0,0.00478468899521531,0.00478468899521531,634.985645933014,588,99,28.13,1.977,59.88,2.62,0.228,0.31,135875
"Quercus_202121576_plastome",41912,"T","C","SNP",213962,"PASS",0.00956937799043062,0,0.0144230769230769,0.0144230769230769,687.717703349282,567,97.7224880382775,35.18,0,60,0,1.58,0.33,145614
"Quercus_202121576_plastome",41987,"G","A","SNP",335739,"PASS",0.00956937799043062,0,0.0432692307692308,0.0432692307692308,683.086124401914,567,97.7607655502392,29.59,0,59.99,0,-0.228,0.678,144938
"Quercus_202121576_plastome",42546,"A","C","SNP",160385,"PASS",0,0,0.00478468899521531,0.00478468899521531,676.928229665072,563,99,32.25,0,60,0,-0.889,0.485,143213
"Quercus_202121576_plastome",45859,"T","C","SNP",106599,"PASS",0,0,0.00478468899521531,0.00478468899521531,666.679425837321,547,99,34.86,0,60,0,1.54,0.26,141062
"Quercus_202121576_plastome",47000,"A","C","SNP",92928.6,"PASS",0,0,0.00478468899521531,0.00478468899521531,651.114832535885,547,98.755980861244,29.58,0,60,0,0.853,0.414,137673
"Quercus_202121576_plastome",47246,"T","TAAATAA","indel",93.4,"PASS",0.0191387559808612,0,0,0,646.062200956938,548,96.4928229665072,2.28,10.783,59.71,0.548,-1.045,3.199,135678
"Quercus_202121576_plastome",47258,"C","T","SNP",13862.1,"PASS",0.076555023923445,0.00478468899521531,0.00746268656716418,0.00746268656716418,646.287081339713,548,89.9760765550239,31.65,7.752,60,0,0.571,0.175,135733
"Quercus_202121576_plastome",47271,"A","G","SNP",57.87,"PASS",0.0287081339712919,0,0,0,649.789473684211,553,94.755980861244,3.22,6.107,60,0,-2.666,2.613,136618
"Quercus_202121576_plastome",47773,"A","AT","indel",59781.4,"PASS",0.0191387559808612,0,0.00483091787439614,0.00483091787439614,717.062200956938,601,96.8947368421053,27.79,1.687,59.99,0,1.26,0.624,151086
"Quercus_202121576_plastome",47822,"T","A","SNP",1496.42,"PASS",0.00478468899521531,0,0,0,712.526315789474,601,98.5693779904306,24.14,0,60,0,0.919,0.713,149653
"Quercus_202121576_plastome",47921,"A","G","SNP",335.63,"PASS",0.00478468899521531,0.00478468899521531,0.00239808153477218,0.00239808153477218,698.234449760766,595,98.444976076555,2.35,0,60,0,-0.332,0.754,146444
"Quercus_202121576_plastome",47933,"T","C","SNP",742.34,"PASS",0.00956937799043062,0.00956937799043062,0.00480769230769231,0.00480769230769231,697.526315789474,595,97.9138755980861,2.09,0,59.96,0,-1.038,0.632,146240
"Quercus_202121576_plastome",47935,"G","A","SNP",748.83,"PASS",0.0334928229665072,0.00956937799043062,0.0048661800486618,0.0048661800486618,697.578947368421,595,95.2248803827751,2.09,0,59.96,0,-0.173,0.629,146248
"Quercus_202121576_plastome",47987,"T","TCC","indel",246336,"PASS",0,0.0382775119617225,0.0478468899521531,0.0478468899521531,698.555023923445,595,98.6459330143541,33.37,0,59.99,0,1.23,0.699,146719
"Quercus_202121576_plastome",47992,"A","C","SNP",244582,"PASS",0,0.0382775119617225,0.0478468899521531,0.0478468899521531,701.344497607656,600,98.5885167464115,32.96,0,59.99,0,1.36,0.69,147050
"Quercus_202121576_plastome",47993,"AGG","A","indel",243343,"PASS",0.0239234449760766,0.0382775119617225,0.0484261501210654,0.0484261501210654,701.430622009569,600,96.1674641148325,32.77,0,59.99,0,1.79,0.676,147174
"Quercus_202121576_plastome",48732,"A","T","SNP",63.67,"PASS",0,0,0,0,798.846889952153,713,99,2.05,0,59.94,0.481,-1.807,0.627,167784
"Quercus_202121576_plastome",48736,"T","A","SNP",63.67,"PASS",0,0,0,0,798.861244019139,713,99,2.05,0,59.41,0.481,-2.395,0.627,167788
"Quercus_202121576_plastome",48780,"A","AG","indel",493135,"PASS",0.00478468899521531,0,0.115107913669065,0.115107913669065,810.33971291866,715,98.6411483253589,32.13,0,59.99,0,0.162,0.694,171321
"Quercus_202121576_plastome",48890,"A","C","SNP",2798.39,"PASS",0,0,0,0,817.234449760766,727,99,26.4,0,59.85,0,0.394,0.957,172279
"Quercus_202121576_plastome",49155,"G","GAA","indel",362895,"PASS",0.00956937799043062,0.84688995215311,0.425480769230769,0.425480769230769,892.583732057416,811,97.88995215311,2.56,0,60,0,-0.253,0.743,192984
"Quercus_202121576_plastome",49162,"T","C","SNP",380719,"PASS",0.0191387559808612,0.856459330143541,0.432367149758454,0.432367149758454,910.358851674641,829,96.7846889952153,2.59,0,60,0,-0.329,0.761,194266
"Quercus_202121576_plastome",49265,"T","G","SNP",7614.71,"PASS",0.00478468899521531,0.0287081339712919,0.0143884892086331,0.0143884892086331,765.545454545455,664,98.5263157894737,2.01,5.746,59.99,0,-1.091,1.065,161100
"Quercus_202121576_plastome",49291,"A","C","SNP",4807.59,"PASS",0,0.00478468899521531,0.00239234449760766,0.00239234449760766,761.688995215311,663,99,9.02,14.823,59.91,-3.687,1.12,1.679,160156
"Quercus_202121576_plastome",49898,"TATACAATCAAATAGAAAA","T","indel",14260.8,"PASS",0.0717703349282297,0,0.00496277915632754,0.00496277915632754,600.904306220096,505,91.4401913875598,30.31,1.832,60,NA,NA,0.645,126692
"Quercus_202121576_plastome",49954,"A","AATTTTTCT","indel",155.14,"PASS",0.0430622009569378,0,0,0,605.464114832536,516,94.2631578947368,2.93,16.143,59.06,1,0.89,2.806,127589
"Quercus_202121576_plastome",50311,"C","CT","indel",437.06,"PASS",0.0478468899521531,0,0,0,671.416267942584,585,93.8612440191388,3.77,47.112,59.9,0.452,0.968,5.576,141184
"Quercus_202121576_plastome",50314,"T","TAAAAAAA","indel",425.84,"PASS",0.0239234449760766,0,0,0,671.186602870813,585,95.9234449760766,3.55,40.529,59.89,0.443,-0.366,5.287,141116
"Quercus_202121576_plastome",50315,"T","TAGA","indel",431.96,"PASS",0.0239234449760766,0,0,0,671.124401913876,585,96.5023923444976,2.1,40.635,59.89,0.448,-2.206,5.281,141092
"Quercus_202121576_plastome",50369,"T","G","SNP",360817,"PASS",0,0,0.0956937799043062,0.0956937799043062,675.952153110048,591,99,28.8,0,59.99,0,-0.739,0.545,142862
"Quercus_202121576_plastome",50665,"A","C","SNP",314118,"PASS",0.00478468899521531,0,0.0431654676258993,0.0431654676258993,682.267942583732,591,98.4306220095694,29.95,0,60,0,-0.541,0.658,144252
"Quercus_202121576_plastome",50692,"T","C","SNP",169132,"PASS",0,0,0.0334928229665072,0.0334928229665072,678.038277511962,589,99,30.22,0,59.99,0,-0.087,0.621,143252
"Quercus_202121576_plastome",51114,"G","A","SNP",145662,"PASS",0.00478468899521531,0,0.00959232613908873,0.00959232613908873,678.923444976077,588,98.555023923445,29.85,0,60,0,1.42,0.193,143895
"Quercus_202121576_plastome",52980,"T","C","SNP",133790,"PASS",0.0382775119617225,0,0.00975609756097561,0.00975609756097561,656.77033492823,592,94.866028708134,28.44,0,60,0,0.177,0.054,137985
"Quercus_202121576_plastome",53174,"A","C","SNP",120370,"PASS",0.00478468899521531,0,0.0287769784172662,0.0287769784172662,684.138755980861,609,98.5263157894737,33.53,0,59.99,0,0.238,0.178,144473
"Quercus_202121576_plastome",53306,"A","C","SNP",153000,"PASS",0,0,0.00478468899521531,0.00478468899521531,683.177033492823,609,98.7177033492823,36.33,0,60,0,0.031,0.528,144621
"Quercus_202121576_plastome",53552,"CT","C","indel",16763.7,"PASS",0.0909090909090909,0,0.0050125313283208,0.0050125313283208,673.641148325359,594,89.2822966507177,30.87,0,60,0,1.47,0.112,141468
"Quercus_202121576_plastome",53792,"C","CATGATA","indel",104784,"PASS",0.0382775119617225,0,0.00975609756097561,0.00975609756097561,665.708133971292,589,94.8373205741627,34.29,1.741,59.98,0,-0.938,0.784,139640
"Quercus_202121576_plastome",53795,"G","GACTA","indel",96542.5,"PASS",0.0526315789473684,0,0.00982800982800983,0.00982800982800983,664.650717703349,589,93.7894736842105,30.05,0,59.98,-0.144,-0.368,0.451,139283
"Quercus_202121576_plastome",53797,"TGTCTG","T","indel",93299.6,"PASS",0.00956937799043062,0,0.00961538461538462,0.00961538461538462,664.234449760766,584,97.8851674641148,33.3,0,59.98,-0.144,-0.328,0.523,139211
"Quercus_202121576_plastome",53803,"A","AAT","indel",88585.4,"PASS",0.00478468899521531,0,0.00959232613908873,0.00959232613908873,662.287081339713,594,98.5263157894737,31.74,0,59.98,-0.145,-0.442,0.564,138823
"Quercus_202121576_plastome",53816,"T","TA","indel",111130,"PASS",0.0382775119617225,0,0.00975609756097561,0.00975609756097561,658.923444976077,584,94.1052631578947,28.66,0,60,0,1.05,0.467,138203
"Quercus_202121576_plastome",53856,"A","ATTCTAG","indel",188.82,"PASS",0.0382775119617225,0,0,0,646.071770334928,580,95.2535885167464,9.94,76.389,59.6,0.425,0.158,5.781,135557
"Quercus_202121576_plastome",53858,"A","AAGGGTATAT","indel",189.03,"PASS",0.062200956937799,0,0,0,646.253588516746,580,92.444976076555,9.95,50.373,59.61,0.494,-2.023,5.132,135571
"Quercus_202121576_plastome",53868,"T","TA","indel",412414,"PASS",0.00956937799043062,0,0.110576923076923,0.110576923076923,649.593301435407,584,97.9473684210526,27.95,0,59.98,0,1.4,0.88,138922
"Quercus_202121576_plastome",54509,"G","GAAAATTAGTTTCTTATTTTATTATT","indel",29905.2,"PASS",0.0909090909090909,0,0.0150375939849624,0.0150375939849624,578.626794258373,507,89.3157894736842,32.7,0,59.97,0,1.09,1.285,122393
"Quercus_202121576_plastome",55655,"C","T","SNP",281.81,"PASS",0.00478468899521531,0.00478468899521531,0.00239808153477218,0.00239808153477218,724.177033492823,667,98.5502392344498,2.29,18.752,60,0,-0.454,1.618,153505
"Quercus_202121576_plastome",55665,"C","T","SNP",281.87,"PASS",0.00956937799043062,0.00478468899521531,0.00240384615384615,0.00240384615384615,724.287081339713,667,97.9856459330144,2.29,18.963,60,0,-0.831,1.614,153585
"Quercus_202121576_plastome",55683,"G","A","SNP",332.8,"PASS",0.00478468899521531,0.00478468899521531,0.00239808153477218,0.00239808153477218,724.703349282297,667,98.5263157894737,2.75,2.265,60,0,-0.834,0.847,153749
"Quercus_202121576_plastome",55735,"G","A","SNP",260.04,"PASS",0.0287081339712919,0.00478468899521531,0.00242718446601942,0.00242718446601942,725.354066985646,667,96.2727272727273,2,7.714,60,0,1.63,1.398,154131
"Quercus_202121576_plastome",56629,"A","G","SNP",36.84,"PASS",0.0382775119617225,0,0,0,609.866028708134,527,94.488038277512,3.68,0,60,0,-0.623,1.609,127927
"Quercus_202121576_plastome",56785,"A","AAAGAAATAGATT","indel",114.63,"PASS",0,0,0,0,643.066985645933,565,99,2.61,21.142,59.72,0.464,-2.293,3.901,135422
"Quercus_202121576_plastome",57238,"T","G","SNP",80805.2,"PASS",0,0,0.00478468899521531,0.00478468899521531,670.842105263158,578,98.8516746411483,29.19,0,60,0,-0.259,0.089,141619
"Quercus_202121576_plastome",57327,"T","G","SNP",2224.31,"PASS",0,0,0,0,667.784688995215,597,99,27.13,0,60,NA,NA,0.693,140749
"Quercus_202121576_plastome",57337,"C","A","SNP",75567.7,"PASS",0,0,0.00956937799043062,0.00956937799043062,672.153110047847,600,99,26.06,0,59.99,0,0.001,0.605,141810
"Quercus_202121576_plastome",58086,"G","A","SNP",29887.3,"PASS",0,0,0.00478468899521531,0.00478468899521531,676.368421052632,594,99,30.34,0,60,NA,NA,0.712,143390
"Quercus_202121576_plastome",58512,"G","A","SNP",110198,"PASS",0,0,0.00478468899521531,0.00478468899521531,680.100478468899,594,99,20.29,0,60,0,-1.177,0.272,143721
"Quercus_202121576_plastome",59303,"T","C","SNP",114326,"PASS",0,0,0.00478468899521531,0.00478468899521531,666.684210526316,584,99,26.13,0,60,0,-0.102,0.119,140888
"Quercus_202121576_plastome",59514,"A","G","SNP",432293,"PASS",0,0,0.100478468899522,0.100478468899522,664.894736842105,584,99,30.96,0,60,0,0.033,0.48,140569
"Quercus_202121576_plastome",59817,"T","TA","indel",2339.28,"PASS",0,0,0,0,651.693779904306,558,98.8708133971292,27.2,6.368,59.55,4.08,1.3,1.367,137002
"Quercus_202121576_plastome",59867,"A","T","SNP",49849.2,"PASS",0.0143540669856459,0,0.00963855421686747,0.00963855421686747,654.076555023923,573,97.4784688995215,29.87,0,59.97,0,0.065,0.812,137716
"Quercus_202121576_plastome",59965,"A","C","SNP",48876.3,"PASS",0.0861244019138756,0,0.01,0.01,654.258373205742,582,89.8564593301435,31.95,0,59.99,0,-1.617,0.693,137675
"Quercus_202121576_plastome",60463,"T","TATTGTATA","indel",178.67,"PASS",0,0,0,0,643.789473684211,550,99,3.44,25.926,59.74,0,-2.75,4.612,135587
"Quercus_202121576_plastome",60465,"T","TCTTTC","indel",175.63,"PASS",0,0,0,0,643.789473684211,550,99,3.31,22.462,59.75,0,-4.041,4.404,135585
"Quercus_202121576_plastome",61308,"T","A","SNP",442.75,"PASS",0.00478468899521531,0.00478468899521531,0.00239808153477218,0.00239808153477218,663.421052631579,562,98.5263157894737,2.34,3.037,60,0,-0.612,1.061,140516
"Quercus_202121576_plastome",61356,"A","G","SNP",430.63,"PASS",0,0.00478468899521531,0.00239234449760766,0.00239234449760766,677.574162679426,574,99,2.23,0,60,0,0.786,0.701,143641
"Quercus_202121576_plastome",61367,"T","C","SNP",724.87,"PASS",0.0143540669856459,0.00478468899521531,0.00240963855421687,0.00240963855421687,678.866028708134,574,97.2631578947368,3.62,3.624,60,0,1.77,1.05,144062
"Quercus_202121576_plastome",61395,"C","T","SNP",74320,"PASS",0.0334928229665072,0,0.0048661800486618,0.0048661800486618,682.966507177033,572,95.2392344497608,30.53,0,60,0,-0.838,0.373,145062
"Quercus_202121576_plastome",61689,"C","A","SNP",121345,"PASS",0,0,0.00478468899521531,0.00478468899521531,662.679425837321,562,99,29.89,0,59.99,0,0.333,0.572,140189
"Quercus_202121576_plastome",61770,"T","C","SNP",96971.7,"PASS",0,0,0.00956937799043062,0.00956937799043062,665.521531100478,566,98.9856459330144,37.07,0,60,0,0.025,0.43,140886
"Quercus_202121576_plastome",62051,"A","ACTGGATTACAAAGT","indel",392.96,"PASS",0.0239234449760766,0,0,0,662.382775119617,566,96.6507177033493,2.27,67.719,59.93,0,-1.893,5.373,139260
"Quercus_202121576_plastome",62170,"A","G","SNP",290.75,"PASS",0.00478468899521531,0,0,0,706.555023923445,620,98.5263157894737,20.77,12.195,55.94,0.803,0.062,2.948,148372
"Quercus_202121576_plastome",62178,"A","C","SNP",84.6,"PASS",0,0,0,0,706.674641148325,620,99,9.4,3.01,58.12,0.431,-1.309,1.911,148637
"Quercus_202121576_plastome",62441,"TAGCTAG","T","indel",337572,"PASS",0,0.186602870813397,0.0980861244019139,0.0980861244019139,624.076555023923,573,98.7464114832536,26.09,2.572,59.98,0,-3.995,0.844,133329
"Quercus_202121576_plastome",62452,"C","CAA","indel",330358,"PASS",0.00478468899521531,0.186602870813397,0.0983213429256595,0.0983213429256595,623.148325358852,573,98.622009569378,26.15,1.827,59.98,0,-6.425,0.809,131500
"Quercus_202121576_plastome",62454,"C","A","SNP",311893,"PASS",0.0239234449760766,0.186602870813397,0.0944309927360775,0.0944309927360775,620.980861244019,573,96.933014354067,25.38,1.792,59.98,0,-6.522,0.741,131029
"Quercus_202121576_plastome",62456,"C","A","SNP",294172,"PASS",0.0287081339712919,0.191387559808612,0.0970873786407767,0.0970873786407767,618.224880382775,573,95.8947368421053,24.97,0.532,59.98,0,-7.026,0.703,130434
"Quercus_202121576_plastome",62460,"GT","G","indel",254965,"PASS",0.0334928229665072,0.191387559808612,0.097323600973236,0.097323600973236,613.521531100478,566,95.755980861244,23.38,0,59.98,0,-7.173,0.673,129705
"Quercus_202121576_plastome",62468,"T","G","SNP",240747,"PASS",0.00478468899521531,0.196172248803828,0.0983213429256595,0.0983213429256595,612.344497607656,566,98.3684210526316,22.03,0,59.98,0,-7.226,0.729,129332
"Quercus_202121576_plastome",62472,"A","ACTAGCT","indel",246873,"PASS",0.0669856459330144,0.196172248803828,0.101485148514851,0.101485148514851,613.942583732057,566,92.5406698564593,22.09,1.744,59.97,0,-7.291,0.818,129531
"Quercus_202121576_plastome",62474,"A","T","SNP",238399,"PASS",0.0526315789473684,0.196172248803828,0.100737100737101,0.100737100737101,613.167464114833,566,93.1387559808612,21.85,1.75,59.97,0,-7.012,0.842,129911
"Quercus_202121576_plastome",62528,"T","TATTTCAATTA","indel",126.43,"PASS",0.0909090909090909,0,0,0,610.631578947368,566,89.5502392344498,2.3,19.909,58.78,1.09,-2.028,4.168,128518
"Quercus_202121576_plastome",62596,"A","AT","indel",359.83,"PASS",0.00478468899521531,0.00478468899521531,0.00239808153477218,0.00239808153477218,628.033492822967,566,98.2392344497608,3.21,0,60,0,-1.954,0.578,132337
"Quercus_202121576_plastome",62625,"G","A","SNP",245.98,"PASS",0.0382775119617225,0.00478468899521531,0.0024390243902439,0.0024390243902439,627.325358851675,573,94.688995215311,2.05,1.753,60,0,2.28,0.902,132289
"Quercus_202121576_plastome",62733,"A","T","SNP",4434.56,"PASS",0.00478468899521531,0,0,0,630.775119617225,573,98.5263157894737,28.07,1.58,59.93,-0.185,1.6,1.187,133988
"Quercus_202121576_plastome",65243,"T","TCA","indel",156.8,"PASS",0.0191387559808612,0,0,0,661.11961722488,576,97.0095693779904,3.48,15.042,60,0,-1.364,3.978,139177
"Quercus_202121576_plastome",65977,"T","G","SNP",169012,"PASS",0.00478468899521531,0,0.0431654676258993,0.0431654676258993,691.99043062201,622,98.5263157894737,29.47,0,60,0,-0.443,0.383,146372
"Quercus_202121576_plastome",66024,"T","TAA","indel",96.39,"PASS",0.0909090909090909,0,0,0,677.421052631579,589,89.4019138755981,2.75,13.074,59.82,0,-1.582,3.605,142728
"Quercus_202121576_plastome",66025,"G","GCC","indel",96.23,"PASS",0.062200956937799,0,0,0,677.454545454545,589,92.0717703349282,2.75,13.074,59.84,0,-1.843,3.605,142741
"Quercus_202121576_plastome",66454,"G","GAGT","indel",113.73,"PASS",0,0,0,0,628.320574162679,559,99,3.67,36.091,60,0,-1.328,4.974,132360
"Quercus_202121576_plastome",67342,"T","TCA","indel",161.43,"PASS",0.076555023923445,0,0,0,676.019138755981,611,91.1674641148325,4.25,8.128,60,0,-0.178,2.849,142242
"Quercus_202121576_plastome",67343,"G","A","SNP",87.14,"PASS",0.062200956937799,0,0,0,675.684210526316,611,92.0382775119617,2.29,5.303,60,0,-0.334,2.38,142162
"Quercus_202121576_plastome",67345,"T","TATTTTAAAATTGTA","indel",156.16,"PASS",0.00956937799043062,0,0,0,675.397129186603,606,97.9234449760766,4.11,8.125,60,0,-0.519,2.863,142104
"Quercus_202121576_plastome",67404,"C","A","SNP",530.53,"PASS",0.0717703349282297,0.00478468899521531,0.00248138957816377,0.00248138957816377,633.44019138756,552,91.177033492823,2.19,6.653,59.97,0,0.239,1.369,133417
"Quercus_202121576_plastome",68055,"C","T","SNP",255024,"PASS",0,0,0.0382775119617225,0.0382775119617225,631.196172248804,552,99,31.82,0,59.99,0,-0.304,0.471,133810
"Quercus_202121576_plastome",68331,"A","G","SNP",72027.2,"PASS",0.00478468899521531,0,0.00959232613908873,0.00959232613908873,622.081339712919,548,98.3301435406699,29.61,0,60,0,-0.643,0.879,131814
"Quercus_202121576_plastome",68335,"T","C","SNP",5135.39,"PASS",0,0,0,0,618.66985645933,533,99,28.22,0,60,0,0.591,0.809,131043
"Quercus_202121576_plastome",69487,"A","T","SNP",839.34,"PASS",0.0669856459330144,0.00478468899521531,0.00247524752475248,0.00247524752475248,677.277511961722,600,91.8803827751196,4.05,7.489,60,0,-1.904,1.39,142860
"Quercus_202121576_plastome",69544,"C","G","SNP",96610.7,"PASS",0,0,0.00956937799043062,0.00956937799043062,672.631578947368,606,99,32.87,0,60,0,1.23,1.079,141930
"Quercus_202121576_plastome",69676,"G","A","SNP",135739,"PASS",0.00478468899521531,0.00478468899521531,0.026378896882494,0.026378896882494,761.875598086124,733,98.4688995215311,30.68,5.751,59.85,10.17,-0.836,0.266,160928
"Quercus_202121576_plastome",70326,"T","C","SNP",271296,"PASS",0.0909090909090909,0.669856459330144,0.350877192982456,0.350877192982456,907.315789473684,835,89.8708133971292,2.37,1.69,59.97,-4.881,0.489,0.86,194740
"Quercus_202121576_plastome",70353,"G","A","SNP",417004,"PASS",0.0956937799043062,0.813397129186603,0.42713567839196,0.42713567839196,965.952153110048,846,89.1387559808612,2.64,1.771,59.95,-6.806,1.19,0.871,206577
"Quercus_202121576_plastome",70359,"T","A","SNP",424731,"PASS",0.0861244019138756,0.803827751196172,0.42,0.42,976.291866028708,862,90.5406698564593,2.7,1.765,59.95,-6.893,1.38,0.895,206597
"Quercus_202121576_plastome",70367,"TCA","T","indel",417914,"PASS",0.00478468899521531,0.818181818181818,0.410071942446043,0.410071942446043,977.578947368421,860,98.2392344497608,2.59,1.757,59.95,-7,1.65,0.882,207193
"Quercus_202121576_plastome",70373,"A","AGG","indel",447993,"PASS",0.076555023923445,0.832535885167464,0.432835820895522,0.432835820895522,978.301435406699,883,91.3301435406699,2.73,1.748,59.95,-6.866,1.6,0.924,206986
"Quercus_202121576_plastome",70386,"C","T","SNP",448118,"PASS",0.076555023923445,0.851674641148325,0.442786069651741,0.442786069651741,968.11004784689,861,90.866028708134,2.7,1.757,59.95,-6.766,1.46,0.917,204882
"Quercus_202121576_plastome",70389,"A","G","SNP",433375,"PASS",0.0861244019138756,0.842105263157895,0.44,0.44,964.277511961722,871,89.6698564593301,2.68,1.757,59.95,-6.795,1.4,0.892,203581
"Quercus_202121576_plastome",70396,"G","A","SNP",441618,"PASS",0.0909090909090909,0.851674641148325,0.446115288220551,0.446115288220551,954.598086124402,855,89.5071770334928,2.64,1.757,59.95,-6.837,1.48,0.879,201698
"Quercus_202121576_plastome",70397,"A","G","SNP",439988,"PASS",0.0813397129186603,0.851674641148325,0.443890274314214,0.443890274314214,952.349282296651,850,90.7272727272727,2.63,1.757,59.95,-6.826,1.28,0.871,201447
"Quercus_202121576_plastome",70402,"A","C","SNP",3975.67,"PASS",0,0.00478468899521531,0.00239234449760766,0.00239234449760766,923.33971291866,826,99,4.31,1.548,59.81,-10.64,-0.212,0.9,194860
"Quercus_202121576_plastome",70411,"G","A","SNP",427806,"PASS",0.0956937799043062,0.84688995215311,0.444723618090452,0.444723618090452,950.650717703349,847,89.3301435406699,2.58,0.828,59.95,-6.881,1.18,0.84,200972
"Quercus_202121576_plastome",70422,"A","G","SNP",374555,"PASS",0.0909090909090909,0.813397129186603,0.426065162907268,0.426065162907268,920.717703349282,819,89.4928229665072,2.5,0.828,59.95,-7.075,1.82,0.809,194173
"Quercus_202121576_plastome",70426,"G","T","SNP",350006,"PASS",0.0861244019138756,0.813397129186603,0.425,0.425,913.650717703349,819,90.0765550239234,2.33,0.82,59.95,-7.259,1.94,0.781,192899
"Quercus_202121576_plastome",70427,"A","C","SNP",350716,"PASS",0.076555023923445,0.813397129186603,0.422885572139304,0.422885572139304,911.081339712919,819,91.2392344497608,2.34,0.82,59.95,-7.268,1.81,0.776,192289
"Quercus_202121576_plastome",70442,"G","T","SNP",323834,"PASS",0.0956937799043062,0.789473684210526,0.414572864321608,0.414572864321608,893.196172248804,810,89.1387559808612,2.29,0.82,59.95,-7.364,1,0.771,188302
"Quercus_202121576_plastome",70449,"G","GT","indel",299328,"PASS",0.00956937799043062,0.770334928229665,0.387019230769231,0.387019230769231,873.956937799043,788,97.5933014354067,2.2,0,59.95,-7.575,0.62,0.77,184155
"Quercus_202121576_plastome",70456,"A","G","SNP",274038,"PASS",0.076555023923445,0.770334928229665,0.400497512437811,0.400497512437811,846.205741626794,764,90.9665071770335,2.09,0,59.95,-7.674,0.064,0.721,179540
"Quercus_202121576_plastome",70678,"T","G","SNP",44330.7,"PASS",0.0334928229665072,0,0.0097323600973236,0.0097323600973236,564.081339712919,516,95.5071770334928,31.78,0,60,0,1.24,1.055,119214
"Quercus_202121576_plastome",71706,"C","T","SNP",207.23,"PASS",0.062200956937799,0.00478468899521531,0.00246913580246914,0.00246913580246914,688.827751196172,609,91.6602870813397,2.84,1.093,59.98,0,0.674,0.538,145372
"Quercus_202121576_plastome",71721,"G","A","SNP",180.67,"PASS",0.0909090909090909,0.00478468899521531,0.0025062656641604,0.0025062656641604,705.928229665072,624,88.8421052631579,2.2,3.762,60,0,-0.265,1.037,148791
"Quercus_202121576_plastome",71730,"T","A","SNP",186.01,"PASS",0.0382775119617225,0.00478468899521531,0.0024390243902439,0.0024390243902439,706.234449760766,628,95.2248803827751,2.33,2.971,60,0,-1.114,1.27,148870
"Quercus_202121576_plastome",71797,"T","TAAATAGAGCTGAGG","indel",110.71,"PASS",0,0,0,0,720.086124401914,652,99,3.69,5.436,59.58,0.537,-1.143,2.599,151791
"Quercus_202121576_plastome",72093,"T","TTG","indel",8287.74,"PASS",0,0.0239234449760766,0.0119617224880383,0.0119617224880383,806.028708133971,680,99,7.72,3.947,59.89,-2.173,2.06,0.675,169652
"Quercus_202121576_plastome",72097,"TGA","T","indel",8371.74,"PASS",0,0.0239234449760766,0.0119617224880383,0.0119617224880383,817.837320574163,694,99,7.68,3.919,59.89,-2.146,2.33,0.664,172102
"Quercus_202121576_plastome",72104,"C","CCTT","indel",8780.34,"PASS",0,0.0239234449760766,0.0119617224880383,0.0119617224880383,803.66985645933,692,99,7.67,3.889,59.89,-2.065,1.67,0.688,168978
"Quercus_202121576_plastome",72117,"TATTAA","T","indel",8586.74,"PASS",0,0.0239234449760766,0.0119617224880383,0.0119617224880383,818.593301435407,714,99,7.75,1.31,59.9,-2.132,2.3,0.659,172058
"Quercus_202121576_plastome",72153,"A","T","SNP",8656.54,"PASS",0,0.0239234449760766,0.0119617224880383,0.0119617224880383,849.693779904306,777,99,7.1,0.626,59.91,-2.184,0.86,0.684,178719
"Quercus_202121576_plastome",72155,"T","TCGG","indel",125534,"PASS",0,0.430622009569378,0.215311004784689,0.215311004784689,853.100478468899,775,99,2.69,0.789,59.93,-4.384,-0.367,0.74,179445
"Quercus_202121576_plastome",72175,"TTC","T","indel",90746.6,"PASS",0.00478468899521531,0.416267942583732,0.20863309352518,0.20863309352518,835.631578947368,749,98.5263157894737,2.05,0,59.93,-4.807,-0.454,0.7,175854
"Quercus_202121576_plastome",72393,"TCA","T","indel",1038.63,"PASS",0,0.00478468899521531,0.00239234449760766,0.00239234449760766,826.832535885167,741,99,6.07,0.715,59.85,-3.5,-0.655,0.579,173857
"Quercus_202121576_plastome",72422,"T","C","SNP",895.75,"PASS",0,0.00478468899521531,0.00239234449760766,0.00239234449760766,804.33014354067,720,99,5.18,3.655,59.84,-3.648,-1.83,0.422,169347
"Quercus_202121576_plastome",72428,"T","G","SNP",787.75,"PASS",0,0.00478468899521531,0.00239234449760766,0.00239234449760766,802.760765550239,720,99,4.8,6.675,59.83,-3.751,-1.917,0.429,169028
"Quercus_202121576_plastome",74001,"G","GATTTAAAATAGA","indel",92.63,"PASS",0,0,0,0,679.856459330144,602,99,4.41,5.935,59.5,0.606,-0.404,2.655,143717
"Quercus_202121576_plastome",74213,"G","A","SNP",293.8,"PASS",0.00478468899521531,0.00478468899521531,0.00239808153477218,0.00239808153477218,687.99043062201,602,98.3827751196172,2.19,0,59.97,0,0.761,0.617,145618
"Quercus_202121576_plastome",74237,"G","A","SNP",30863.6,"PASS",0,0,0.00478468899521531,0.00478468899521531,687.688995215311,602,99,34.14,3.032,60,0,1.81,0.235,145908
"Quercus_202121576_plastome",74400,"C","CAATAAAAAAAG","indel",220.3,"PASS",0.00956937799043062,0,0,0,692.425837320574,611,98.1722488038278,2.1,30.584,59.89,0.578,-0.867,4.952,145526
"Quercus_202121576_plastome",74487,"T","C","SNP",128335,"PASS",0,0,0.00478468899521531,0.00478468899521531,703.842105263158,629,98.8851674641148,25.4,0,60,0,0.039,0.498,148047
"Quercus_202121576_plastome",74911,"CTAATTGA","C","indel",87067.7,"PASS",0.0143540669856459,0.0382775119617225,0.0240963855421687,0.0240963855421687,655.416267942584,565,96.9856459330144,18.59,2.48,59.96,0,-0.248,0.687,138528
"Quercus_202121576_plastome",75274,"T","G","SNP",138135,"PASS",0.0143540669856459,0,0.00963855421686747,0.00963855421686747,706.023923444976,624,97.444976076555,27.98,0,60,0,0.487,0.628,149308
"Quercus_202121576_plastome",75689,"C","T","SNP",32433.5,"PASS",0,0,0.00478468899521531,0.00478468899521531,717.784688995215,621,99,24.64,1.501,60,0,1.6,0.845,152377
"Quercus_202121576_plastome",75701,"C","T","SNP",4356.48,"PASS",0,0,0,0,716.99043062201,621,99,24.47,1.411,59.96,-0.288,-0.162,0.413,152203
"Quercus_202121576_plastome",75885,"G","A","SNP",52538.6,"PASS",0,0,0.00478468899521531,0.00478468899521531,712.244019138756,624,99,33,0,60,0,-0.269,0.712,149897
"Quercus_202121576_plastome",76001,"T","TTACTGGGTTTGATAGAGTATTCTATTAATTAATTTATTACTATAGAAGTAATTCCTAACCGGCCGATTAGG","indel",810.67,"PASS",0,0,0,0,711.789473684211,624,99,4.14,14.506,60,0,-5.414,1.656,150666
"Quercus_202121576_plastome",76332,"C","T","SNP",328.42,"PASS",0.0813397129186603,0.00478468899521531,0.00249376558603491,0.00249376558603491,708.066985645933,630,90.88995215311,2.22,6.997,59.97,0,1.72,0.673,149542
"Quercus_202121576_plastome",76439,"T","C","SNP",228842,"PASS",0.0430622009569378,0.00956937799043062,0.0488997555012225,0.0488997555012225,720.693779904306,630,94.4114832535885,31.99,0,60,0,0.006,0.643,151925
"Quercus_202121576_plastome",77178,"T","C","SNP",171035,"PASS",0,0,0.0287081339712919,0.0287081339712919,662.100478468899,602,99,30.03,0,60,0,1.92,0.39,140144
"Quercus_202121576_plastome",77232,"C","T","SNP",87787.7,"PASS",0.0143540669856459,0,0.00481927710843374,0.00481927710843374,659.598086124402,602,97.4019138755981,29.37,0,60,0,-1.644,0.317,138973
"Quercus_202121576_plastome",77886,"T","G","SNP",155907,"PASS",0,0.0239234449760766,0.0311004784688995,0.0311004784688995,658.66985645933,588,98.8755980861244,32.56,0,60,0,-0.406,0.789,139325
"Quercus_202121576_plastome",78085,"A","C","SNP",14804.3,"PASS",0,0,0.00478468899521531,0.00478468899521531,679.77990430622,613,99,33.95,0,60,0,3.11,0.789,144530
"Quercus_202121576_plastome",78173,"A","C","SNP",33114.3,"PASS",0.0669856459330144,0,0.00495049504950495,0.00495049504950495,697.095693779904,644,90.9904306220096,28.8,0,60,0,-0.672,0.802,147399
"Quercus_202121576_plastome",78450,"T","TAG","indel",109.28,"PASS",0.0669856459330144,0,0,0,693.306220095694,637,92.4545454545455,3.53,23.315,60,0,0.188,3.588,145785
"Quercus_202121576_plastome",78501,"G","GT","indel",105221,"PASS",0.0143540669856459,0.0143540669856459,0.0120481927710843,0.0120481927710843,685.277511961722,601,97.3253588516746,24.8,0,60,0,0.042,0.688,144464
"Quercus_202121576_plastome",79290,"C","T","SNP",642.67,"PASS",0.00478468899521531,0.00478468899521531,0.00239808153477218,0.00239808153477218,695.755980861244,618,98.2966507177033,2.36,0.962,60,0,0.315,0.691,147483
"Quercus_202121576_plastome",80417,"ATAT","A","indel",115.71,"PASS",0,0,0,0,640.511961722488,552,98.7751196172249,5.26,2.303,60,0,1.57,0.94,134554
"Quercus_202121576_plastome",80907,"G","C","SNP",75.87,"PASS",0.0191387559808612,0,0,0,660.88038277512,583,96.8995215311005,2.17,1.242,59.89,0.347,0.881,1.05,138984
"Quercus_202121576_plastome",81207,"CA","C","indel",53664.9,"PASS",0.0382775119617225,0,0.0048780487804878,0.0048780487804878,647.636363636364,577,94.7942583732057,27.85,0,60,0,-0.319,0.924,136779
"Quercus_202121576_plastome",81542,"ATAAAAGAAAAT","A","indel",22885.3,"PASS",0.062200956937799,0,0.00493827160493827,0.00493827160493827,678.746411483254,610,92.6267942583732,31.66,2.669,60,0,3.44,0.327,143349
"Quercus_202121576_plastome",81823,"C","T","SNP",3222.56,"PASS",0.00478468899521531,0,0,0,759.626794258373,676,98.5263157894737,26.41,5.637,60,0,2.35,0.119,160286
"Quercus_202121576_plastome",81962,"C","A","SNP",142190,"PASS",0,0,0.0239234449760766,0.0239234449760766,771.162679425837,683,99,33.81,0,60,0,0.408,0.678,162493
"Quercus_202121576_plastome",82025,"T","C","SNP",99328.3,"PASS",0,0,0.00478468899521531,0.00478468899521531,775.516746411483,680,99,28.07,0,60,0,0.707,0.737,163671
"Quercus_202121576_plastome",82307,"A","G","SNP",56820.2,"PASS",0,0,0.00478468899521531,0.00478468899521531,785.818181818182,692,99,29.04,1.468,60,0,-0.019,0.601,166413
"Quercus_202121576_plastome",82503,"A","C","SNP",19704.7,"PASS",0,0.00478468899521531,0.00239234449760766,0.00239234449760766,786.291866028708,713,99,31.23,0.85,60,0,1.21,0.531,165345
"Quercus_202121576_plastome",82918,"C","T","SNP",84.87,"PASS",0.0382775119617225,0,0,0,806.028708133971,732,94.3540669856459,2.18,0.873,60,0,2.42,0.866,169177
"Quercus_202121576_plastome",82923,"G","A","SNP",81.97,"PASS",0.0526315789473684,0,0,0,806.693779904306,734,92.8373205741627,2.05,0.861,60,0,2.68,0.811,169300
"Quercus_202121576_plastome",83296,"G","T","SNP",17593.6,"PASS",0,0,0.00478468899521531,0.00478468899521531,774.665071770335,696,99,34.7,2.045,60,0,-1.392,0.443,164200
"Quercus_202121576_plastome",83973,"A","ATTTAATTATTGCAGAGATGTAT","indel",376.67,"PASS",0.00478468899521531,0,0,0,720.77990430622,659,98.244019138756,8.19,14.45,60,0,-0.298,3.334,151228
"Quercus_202121576_plastome",84139,"T","TGAAAATGAAACA","indel",77.86,"PASS",0.0287081339712919,0,0,0,700.679425837321,627,95.8325358851675,2.99,24.288,59.72,0.533,-0.41,3.589,147001
"Quercus_202121576_plastome",84375,"A","AAAGTTACTTTACCCTTTT","indel",503.14,"PASS",0,0,0,0,719.090909090909,642,99,2.88,45.138,59.92,0.449,-1.067,5.62,151524
"Quercus_202121576_plastome",84657,"C","T","SNP",35631.9,"PASS",0.00956937799043062,0,0.00961538461538462,0.00961538461538462,713.746411483254,627,98.1961722488038,31.79,0,60,0,-0.577,0.574,150650
"Quercus_202121576_plastome",84959,"G","T","SNP",1952.48,"PASS",0,0,0,0,714.311004784689,626,99,23.52,1.471,59.94,-0.286,-1.138,0.404,150623
"Quercus_202121576_plastome",86083,"G","A","SNP",560.22,"PASS",0.0430622009569378,0.00478468899521531,0.00244498777506112,0.00244498777506112,688.693779904306,593,93.3875598086124,2.67,0.944,59.87,-3.681,0.671,0.709,145249
"Quercus_202121576_plastome",86199,"C","CT","indel",54208,"PASS",0,0,0.00956937799043062,0.00956937799043062,688.435406698565,593,98.9617224880383,27.56,1.438,59.99,0,-1.458,0.671,145228
"Quercus_202121576_plastome",86211,"C","CTCTCCTCTT","indel",203.68,"PASS",0.0143540669856459,0,0,0,688.358851674641,593,97.5789473684211,5.36,26.019,59.11,0.748,-2.205,4.33,145149
"Quercus_202121576_plastome",86322,"C","A","SNP",101650,"PASS",0.00956937799043062,0,0.0192307692307692,0.0192307692307692,692.167464114833,599,98.0574162679426,27.21,0,60,0,1.49,0.266,146406
"Quercus_202121576_plastome",87701,"CT","C","indel",248.79,"PASS",0,0.00478468899521531,0.00239234449760766,0.00239234449760766,538.578947368421,494,99,2.73,2.414,59.92,0.765,0.901,0.921,115250
"Quercus_202121576_plastome",88953,"G","GGGC","indel",134.96,"PASS",0.0334928229665072,0,0,0,461.062200956938,452,95.2296650717703,3.65,26.67,58.63,0.956,1.65,3.896,97292
"Quercus_202121576_plastome",88954,"A","AATTCTAT","indel",134.76,"PASS",0.00956937799043062,0,0,0,460.832535885167,452,97.9521531100478,3.64,26.67,58.7,0.956,0.249,3.896,97246
"Quercus_202121576_plastome",89129,"T","C","SNP",155640,"PASS",0,0,0.00478468899521531,0.00478468899521531,458.105263157895,435,99,30.45,0,60,0,1.5,0.239,97579
"Quercus_202121576_plastome",89759,"TTTGAAG","T","indel",95446.7,"PASS",0.00478468899521531,0.00956937799043062,0.00959232613908873,0.00959232613908873,447.483253588517,448,98.0430622009569,29.99,0.635,60,0,1.45,0.748,95031
"Quercus_202121576_plastome",90015,"A","T","SNP",177759,"PASS",0.0143540669856459,0,0.0192771084337349,0.0192771084337349,430.588516746411,416,97.3253588516746,27.15,0,60,0,0.276,0.164,91190
"Quercus_202121576_plastome",90319,"A","AATAAAAG","indel",299.71,"PASS",0,0,0,0,412.349282296651,413,99,2.63,65.032,60,0,-2.394,6.225,87415
"Quercus_202121576_plastome",116454,"T","A","SNP",814839,"PASS",0.0334928229665072,0.00478468899521531,0.236009732360097,0.236009732360097,336.071770334928,327,95.0956937799043,25.52,0,59.91,11.06,1.51,0.674,72038
"Quercus_202121576_plastome",116890,"A","G","SNP",33676,"PASS",0.0478468899521531,0.00478468899521531,0.0122549019607843,0.0122549019607843,543.488038277512,505,94.1387559808612,22.32,4.392,60,0,-1.445,0.744,114859
"Quercus_202121576_plastome",117223,"T","C","SNP",426.89,"PASS",0.0909090909090909,0,0,0,607.373205741627,577,88.5071770334928,2.64,8.406,57.22,0.243,-3.558,1.333,127948
"Quercus_202121576_plastome",117231,"A","T","SNP",11570.6,"PASS",0.062200956937799,0,0.00493827160493827,0.00493827160493827,623.148325358852,605,91.6507177033493,29.29,3.21,59.42,17.94,2.31,0.854,131772
"Quercus_202121576_plastome",118008,"C","T","SNP",83087.7,"PASS",0,0,0.00478468899521531,0.00478468899521531,608.22009569378,533,99,29.03,0,60,0,1.72,0.357,129194
"Quercus_202121576_plastome",118089,"G","T","SNP",14974.9,"PASS",0,0.00478468899521531,0.00239234449760766,0.00239234449760766,605.760765550239,542,99,31.53,2.266,60,0,-1.153,1.024,128390
"Quercus_202121576_plastome",119438,"T","A","SNP",96.94,"PASS",0.0287081339712919,0,0,0,493.483253588517,431,95.5789473684211,19.39,15.858,60,0,-0.108,2.811,104012
"Quercus_202121576_plastome",119439,"C","CGT","indel",97.46,"PASS",0.0956937799043062,0,0,0,493.655502392344,431,89.6555023923445,19.49,14.548,60,0,0,3.232,104045
"Quercus_202121576_plastome",119442,"T","TACAATG","indel",97.05,"PASS",0.0430622009569378,0,0,0,494.239234449761,431,94.133971291866,19.41,15.849,60,0,-0.811,3.229,104157
"Quercus_202121576_plastome",120597,"T","TTCTATTTTTC","indel",55762,"PASS",0.0430622009569378,0,0.00488997555012225,0.00488997555012225,502.679425837321,438,94.5215311004785,32.67,0,60,0,-0.022,0.606,106552
"Quercus_202121576_plastome",121802,"C","CAAAGGAAAATGATT","indel",89.63,"PASS",0,0,0,0,712.277511961722,656,99,2.42,8.709,59.6,0.474,-1.023,3.154,149811
"Quercus_202121576_plastome",121803,"CCTTTTATTT","C","indel",38130.1,"PASS",0,0.0143540669856459,0.00717703349282297,0.00717703349282297,712.33971291866,656,99,28.59,0,59.97,2.67,-0.774,0.72,149915
"Quercus_202121576_plastome",121814,"T","G","SNP",51.63,"PASS",0,0,0,0,712.459330143541,656,99,2.58,6.16,59.24,0.56,-1.169,2.636,149855
"Quercus_202121576_plastome",121819,"A","T","SNP",57.63,"PASS",0,0,0,0,712.980861244019,656,99,3.2,6.662,60,0,-1.812,2.821,150012
"Quercus_202121576_plastome",122154,"A","C","SNP",55927.5,"PASS",0,0,0.00478468899521531,0.00478468899521531,690.760765550239,651,99,25.72,2.093,60,0,0.611,1.371,145593
"Quercus_202121576_plastome",122256,"CAA","C","indel",90033.6,"PASS",0.062200956937799,0.0191387559808612,0.0296296296296296,0.0296296296296296,634.574162679426,562,92.755980861244,25.19,0.553,59.92,0,4.04,0.625,133857
"Quercus_202121576_plastome",122725,"T","C","SNP",4231.24,"PASS",0.0430622009569378,0,0,0,592.473684210526,517,94.4306220095694,30.01,5.924,60,0,0.826,0.089,124849
"Quercus_202121576_plastome",123415,"G","T","SNP",173360,"PASS",0.062200956937799,0.0334928229665072,0.0320987654320988,0.0320987654320988,635.952153110048,542,90.9186602870813,26.79,2.569,59.98,0,0.368,0.924,134589
"Quercus_202121576_plastome",123529,"C","T","SNP",16901.1,"PASS",0.0382775119617225,0,0.0048780487804878,0.0048780487804878,623.133971291866,533,95.2918660287081,28.37,0,60,0,1.86,0.167,131760
"Quercus_202121576_plastome",124258,"A","G","SNP",90116.5,"PASS",0,0,0.00478468899521531,0.00478468899521531,408.076555023923,333,98.9234449760766,29.8,4.102,60,0,0.074,1.117,86962
"Quercus_202121576_plastome",124273,"A","G","SNP",5519.38,"PASS",0.0143540669856459,0,0,0,406.425837320574,333,97.5406698564593,26.54,0,60,NA,NA,0.902,86442
"Quercus_202121576_plastome",124562,"A","AAG","indel",87.99,"PASS",0.0334928229665072,0,0,0,519.966507177033,454,95.622009569378,2.32,2.493,59.83,0.467,-2.15,1.67,109506
"Quercus_202121576_plastome",124563,"T","C","SNP",81.75,"PASS",0,0,0,0,519.602870813397,454,99,2.04,2.444,59.83,0.454,-2.665,1.781,109432
"Quercus_202121576_plastome",124566,"A","C","SNP",81.71,"PASS",0,0,0,0,519.602870813397,454,99,2.04,2.444,59.82,0.454,-2.813,1.781,109410
"Quercus_202121576_plastome",124595,"A","T","SNP",69.71,"PASS",0,0,0,0,519.416267942584,454,99,4.98,0,60,0,0.789,0.892,109295
"Quercus_202121576_plastome",124596,"T","TGA","indel",69.68,"PASS",0,0,0,0,519.416267942584,454,99,4.98,0,60,0,0.789,0.892,109299
"Quercus_202121576_plastome",124600,"C","T","SNP",69.75,"PASS",0,0,0,0,519.411483253588,454,99,4.98,0,60,0,0.24,0.892,109280
"Quercus_202121576_plastome",124601,"C","G","SNP",69.75,"PASS",0,0,0,0,519.411483253588,454,99,4.98,0,60,0,0.24,0.892,109280
"Quercus_202121576_plastome",124768,"T","C","SNP",99796.7,"PASS",0,0,0.00956937799043062,0.00956937799043062,527.832535885167,464,99,28.34,0,59.99,9.19,1.45,0.255,111774
"Quercus_202121576_plastome",125147,"A","G","SNP",51979.7,"PASS",0.0287081339712919,0,0.00485436893203883,0.00485436893203883,508.66028708134,450,96.1578947368421,33.02,0,60,0,0.833,0.26,107297
"Quercus_202121576_plastome",125152,"T","A","SNP",10431.2,"PASS",0,0.00478468899521531,0.00717703349282297,0.00717703349282297,515.937799043062,459,98.7894736842105,33.65,14.131,59.93,4.75,0.877,0.499,108614
"Quercus_202121576_plastome",125153,"A","T","SNP",37217.3,"PASS",0.0191387559808612,0,0.00966183574879227,0.00966183574879227,516.043062200957,459,96.8468899521531,35.4,0,60,0,-0.523,0.511,108693
"Quercus_202121576_plastome",125171,"TATATTA","T","indel",1231110,"PASS",0.0143540669856459,0.00478468899521531,0.253012048192771,0.253012048192771,530.368421052632,472,97.2248803827751,29.26,0,59.99,0,0.633,0.674,116639
"Quercus_202121576_plastome",125423,"T","G","SNP",419.98,"PASS",0.0239234449760766,0.00478468899521531,0.00242130750605327,0.00242130750605327,576.602870813397,511,95.9569377990431,2.05,0,60,0,0.125,0.703,122303
"Quercus_202121576_plastome",125800,"A","AT","indel",137262,"PASS",0.0382775119617225,0.00956937799043062,0.0390243902439024,0.0390243902439024,564.531100478469,506,94.6698564593301,27.61,0,59.99,0,0.15,0.522,119542
"Quercus_202121576_plastome",126001,"G","GT","indel",60728.7,"PASS",0.0430622009569378,0,0.0146699266503667,0.0146699266503667,547.090909090909,494,94.0143540669856,27.22,0,59.99,0,0.436,0.858,115719
"Quercus_202121576_plastome",126004,"T","G","SNP",97337.6,"PASS",0.00956937799043062,0,0.0336538461538462,0.0336538461538462,547.521531100478,490,97.8708133971292,30.83,3.473,59.99,0,-0.221,0.55,115630
"Quercus_202121576_plastome",126012,"T","G","SNP",4613.11,"PASS",0.0478468899521531,0,0,0,548.607655502392,495,93.8612440191388,29.38,0.788,59.8,6.25,0.611,0.588,115727
"Quercus_202121576_plastome",126593,"C","T","SNP",258.49,"PASS",0.0861244019138756,0.00478468899521531,0.0025,0.0025,686.196172248804,628,89.3014354066986,2.25,2.203,59.35,0.944,0.843,1.048,145010
"Quercus_202121576_plastome",127009,"T","C","SNP",106167,"PASS",0.00956937799043062,0.00956937799043062,0.0288461538461538,0.0288461538461538,645.44976076555,598,97.6746411483254,34.31,0,59.94,0.54,0.425,0.605,136959
"Quercus_202121576_plastome",127065,"A","ATTTCTTCATTATTTGTAACAGT","indel",242.67,"PASS",0,0,0,0,643.626794258373,591,99,2.01,83.531,59.82,0.536,-2.099,6.846,135982
"Quercus_202121576_plastome",127628,"A","AAAAG","indel",49.09,"PASS",0.0574162679425837,0,0,0,444.866028708134,292,92.5454545454545,2.34,0.559,59.03,0.686,1.23,0.722,93797
"Quercus_202121576_plastome",127925,"A","AT","indel",238639,"PASS",0.0526315789473684,0,0.0540540540540541,0.0540540540540541,603.478468899522,517,93.7081339712919,33.62,0,60,0,0.632,0.505,128247
"Quercus_202121576_plastome",127949,"A","G","SNP",3845800,"PASS",0.0526315789473684,0.00478468899521531,0.714987714987715,0.285012285012285,679.904306220096,574,93.5167464114833,33.52,0,60,0,0.328,0.63,146491
"Quercus_202121576_plastome",128046,"CTCT","C","indel",128088,"PASS",0,0.00956937799043062,0.0287081339712919,0.0287081339712919,661.593301435407,561,98.8181818181818,27.36,0,59.96,3.93,-0.376,0.774,140131
"Quercus_202121576_plastome",128079,"T","TTTTTAATTCTTCTTATAC","indel",39069.1,"PASS",0,0.00478468899521531,0.00717703349282297,0.00717703349282297,668.138755980861,582,98.4784688995215,30.63,1.548,60,0,1.13,0.497,140883
"Quercus_202121576_plastome",128289,"A","G","SNP",1026.32,"PASS",0.0574162679425837,0,0,0,666.856459330144,579,92.7129186602871,24.44,2.623,60,0,1.27,0.464,140110
"Quercus_202121576_plastome",128318,"A","ATAAATTTTTCCCTATT","indel",121.71,"PASS",0.00478468899521531,0,0,0,666.272727272727,579,97.6698564593301,2.17,19.764,60,0,0.48,4.169,140033
"Quercus_202121576_plastome",128603,"T","G","SNP",590432,"PASS",0.0430622009569378,0,0.117359413202934,0.117359413202934,683.775119617225,590,93.8373205741627,31.62,0,59.99,0,1.03,0.469,144488
"Quercus_202121576_plastome",128730,"T","C","SNP",1153910,"PASS",0.0478468899521531,0,0.235294117647059,0.235294117647059,708.636363636364,613,93.9138755980861,28.71,0,60,0,-0.017,0.541,149810
"Quercus_202121576_plastome",128772,"G","T","SNP",149066,"PASS",0,0,0.00478468899521531,0.00478468899521531,717.971291866029,616,99,32.79,0,60,0.361,-1.332,1.065,151071
"Quercus_202121576_plastome",128977,"A","C","SNP",559074,"PASS",0,0.942583732057416,0.471291866028708,0.471291866028708,933.77033492823,830,98.9090909090909,3.23,1.657,60,0,-0.014,0.615,199739
"Quercus_202121576_plastome",128980,"T","C","SNP",573255,"PASS",0,0.947368421052632,0.473684210526316,0.473684210526316,951.272727272727,852,99,3.22,0.776,60,0,-0.094,0.676,201075
"Quercus_202121576_plastome",128983,"T","G","SNP",590697,"PASS",0.0143540669856459,0.947368421052632,0.47710843373494,0.47710843373494,953.803827751196,846,97.6937799043062,3.32,0.776,60,0,-0.159,0.709,203455
"Quercus_202121576_plastome",129014,"T","A","SNP",472457,"PASS",0.0813397129186603,0.866028708133971,0.451371571072319,0.451371571072319,918.598086124402,805,90.866028708134,3.13,0.761,60,0,0.009,0.827,197021
"Quercus_202121576_plastome",129046,"T","C","SNP",585261,"PASS",0,0.961722488038278,0.480861244019139,0.480861244019139,934.090909090909,828,99,3.28,0,60,0,0.222,0.819,198698
"Quercus_202121576_plastome",129049,"A","T","SNP",593136,"PASS",0.00956937799043062,0.961722488038278,0.483173076923077,0.483173076923077,933.555023923445,821,97.7368421052632,3.34,0,60,0,0.229,0.824,199468
"Quercus_202121576_plastome",129095,"G","A","SNP",592938,"PASS",0.00478468899521531,0.956937799043062,0.479616306954436,0.479616306954436,954.535885167464,838,98.2679425837321,3.3,0.77,60,0,0.557,0.798,203791
"Quercus_202121576_plastome",129097,"G","A","SNP",598518,"PASS",0.00956937799043062,0.952153110047847,0.478365384615385,0.478365384615385,964.511961722488,850,98.066985645933,3.29,0.766,60,0,0.443,0.798,203313
"Quercus_202121576_plastome",129100,"G","A","SNP",608730,"PASS",0.00478468899521531,0.952153110047847,0.477218225419664,0.477218225419664,961.468899521531,848,98.5263157894737,3.36,0.77,60,0,0.607,0.801,203200
"Quercus_202121576_plastome",129103,"G","A","SNP",599024,"PASS",0.00956937799043062,0.947368421052632,0.475961538461538,0.475961538461538,970.492822966507,853,98.177033492823,3.28,0.766,60,0,0.649,0.81,204791
"Quercus_202121576_plastome",129105,"G","T","SNP",597320,"PASS",0.00956937799043062,0.942583732057416,0.473557692307692,0.473557692307692,937.794258373206,814,97.4832535885167,3.45,0.739,60,0,0.213,0.806,205206
"Quercus_202121576_plastome",129156,"T","C","SNP",647034,"PASS",0.00478468899521531,0.961722488038278,0.482014388489209,0.482014388489209,938.301435406699,816,98.3732057416268,3.59,0,60,0,0.02,0.757,199123
"Quercus_202121576_plastome",129172,"T","G","SNP",702654,"PASS",0,0.980861244019139,0.490430622009569,0.490430622009569,961.66028708134,832,99,3.65,0,60,0,-0.565,0.727,202970
"Quercus_202121576_plastome",129187,"G","A","SNP",702142,"PASS",0.00478468899521531,0.985645933014354,0.49400479616307,0.49400479616307,964.928229665072,822,98.4019138755981,3.54,0,60,0,-0.278,0.695,204786
"Quercus_202121576_plastome",129188,"T","G","SNP",698098,"PASS",0,0.985645933014354,0.492822966507177,0.492822966507177,961.387559808612,815,98.5454545454545,3.62,0,60,0,-0.25,0.686,205061
"Quercus_202121576_plastome",129197,"CCCGGAATT","C","indel",76257.4,"PASS",0,0.0956937799043062,0.0478468899521531,0.0478468899521531,928.435406698565,792,99,5.31,1.437,60,0,0.088,0.833,196194
"Quercus_202121576_plastome",129214,"C","A","SNP",655840,"PASS",0.00478468899521531,0.976076555023923,0.489208633093525,0.489208633093525,944.775119617225,792,98.6459330143541,3.55,0,60,0,0.351,0.756,202266
"Quercus_202121576_plastome",129232,"G","T","SNP",685087,"PASS",0,0.976076555023923,0.488038277511962,0.488038277511962,974.028708133971,835,99,3.6,0,60,0,0.78,0.697,206260
"Quercus_202121576_plastome",129243,"C","T","SNP",682921,"PASS",0,0.976076555023923,0.488038277511962,0.488038277511962,975.430622009569,832,99,3.58,0,60,0,0.795,0.681,206714
"Quercus_202121576_plastome",129250,"G","A","SNP",1166410,"PASS",0,0.875598086124402,0.538277511961722,0.461722488038278,980.263157894737,843,99,6.09,0,60,0,0.633,0.689,210277
"Quercus_202121576_plastome",129301,"T","G","SNP",665125,"PASS",0.0334928229665072,0.937799043062201,0.476885644768856,0.476885644768856,990.66028708134,843,95.6842105263158,3.6,0,60,0,-0.492,0.726,213146
"Quercus_202121576_plastome",129313,"A","C","SNP",647434,"PASS",0.0334928229665072,0.937799043062201,0.476885644768856,0.476885644768856,992.818181818182,851,95.6937799043062,3.5,0,60,0,-0.093,0.7,212076
"Quercus_202121576_plastome",129316,"T","C","SNP",782661,"PASS",0,0.157894736842105,0.0789473684210526,0.0789473684210526,967.076555023923,828,99,27.45,0,60,0,-0.325,0.695,204704
"Quercus_202121576_plastome",129370,"C","A","SNP",655875,"PASS",0.0478468899521531,0.92822966507177,0.475490196078431,0.475490196078431,974.497607655502,838,94.2631578947368,3.62,0,60,0,0.238,0.791,209615
"Quercus_202121576_plastome",129380,"A","G","SNP",681600,"PASS",0.0478468899521531,0.92822966507177,0.475490196078431,0.475490196078431,985.602870813397,847,94.2631578947368,3.72,0,60,0,0.052,0.786,209219
"Quercus_202121576_plastome",129391,"T","G","SNP",668493,"PASS",0.0478468899521531,0.92822966507177,0.475490196078431,0.475490196078431,979.947368421053,832,94.2631578947368,3.68,0,60,0,-0.22,0.677,210336
"Quercus_202121576_plastome",129417,"T","G","SNP",557788,"PASS",0.0813397129186603,0.880382775119617,0.458852867830424,0.458852867830424,961.483253588517,818,90.9473684210526,3.47,0,60,0,0.255,0.658,205983
"Quercus_202121576_plastome",129442,"T","G","SNP",535173,"PASS",0.0669856459330144,0.880382775119617,0.455445544554455,0.455445544554455,966.196172248804,828,91.9665071770335,3.25,0.776,60,0,0.553,0.645,205248
"Quercus_202121576_plastome",129465,"T","G","SNP",463233,"PASS",0.076555023923445,0.861244019138756,0.447761194029851,0.447761194029851,958.435406698565,815,91.5167464114833,2.96,0.775,60,0,0.264,0.712,205338
"Quercus_202121576_plastome",129509,"T","C","SNP",297041,"PASS",0.0813397129186603,0.655502392344498,0.341645885286783,0.341645885286783,940.593301435407,789,90.2631578947368,2.63,1.648,60,0,-0.048,0.755,201302
"Quercus_202121576_plastome",129514,"G","A","SNP",101836,"PASS",0,0.0191387559808612,0.00956937799043062,0.00956937799043062,920.373205741627,791,99,30.56,1.592,60,0,-0.36,0.635,193892
"Quercus_202121576_plastome",129538,"T","A","SNP",539470,"PASS",0.0478468899521531,0.904306220095694,0.463235294117647,0.463235294117647,952.751196172249,823,93.8851674641148,3.19,1.679,60,0,0.176,0.94,203997
"Quercus_202121576_plastome",129543,"A","G","SNP",561284,"PASS",0.0478468899521531,0.909090909090909,0.465686274509804,0.465686274509804,976.985645933014,846,94.2631578947368,3.2,2.749,60,0,-0.036,1.015,206729
"Quercus_202121576_plastome",129553,"A","G","SNP",66131,"PASS",0,0.00956937799043062,0.00478468899521531,0.00478468899521531,952.832535885167,823,99,29.18,0.561,59.98,1.4,1.26,0.607,201232
"Quercus_202121576_plastome",129559,"C","T","SNP",549965,"PASS",0.0478468899521531,0.899521531100478,0.46078431372549,0.46078431372549,998.88995215311,875,94.1913875598086,3.11,2.764,60,0,0.147,1.036,211969
"Quercus_202121576_plastome",129578,"T","A","SNP",565358,"PASS",0.0526315789473684,0.913875598086124,0.469287469287469,0.469287469287469,999.942583732057,866,93.8708133971292,3.11,2.764,60,0,-0.347,1.078,211366
"Quercus_202121576_plastome",129587,"A","G","SNP",541636,"PASS",0.0478468899521531,0.91866028708134,0.470588235294118,0.470588235294118,993.775119617225,860,94.0909090909091,2.96,3.994,60,0,-0.161,1.12,209948
"Quercus_202121576_plastome",129601,"C","A","SNP",508169,"PASS",0.0478468899521531,0.904306220095694,0.463235294117647,0.463235294117647,974.148325358852,841,93.822966507177,2.95,2.829,60,0,0.631,1.075,206376
"Quercus_202121576_plastome",129604,"A","G","SNP",498861,"PASS",0.0430622009569378,0.909090909090909,0.464547677261614,0.464547677261614,974.071770334928,851,94.7368421052632,2.85,2.829,60,0,0.874,1.073,206386
"Quercus_202121576_plastome",129607,"G","A","SNP",493511,"PASS",0.0430622009569378,0.904306220095694,0.462102689486553,0.462102689486553,982.11961722488,858,94.5837320574163,2.82,3.994,60,0,1.11,1.055,207845
"Quercus_202121576_plastome",129627,"C","T","SNP",421642,"PASS",0.062200956937799,0.861244019138756,0.444444444444444,0.444444444444444,942.277511961722,819,93.0095693779904,2.65,2.868,60,0,1.38,0.971,200667
"Quercus_202121576_plastome",129628,"T","G","SNP",418326,"PASS",0.0526315789473684,0.866028708133971,0.444717444717445,0.444717444717445,941.205741626794,811,93.2296650717703,2.64,2.868,60,0,1.27,0.977,200739
"Quercus_202121576_plastome",129664,"C","T","SNP",257062,"PASS",0.0813397129186603,0.760765550239234,0.396508728179551,0.396508728179551,900.11961722488,791,90.5263157894737,2.07,0.83,59.99,0,0.224,0.67,194485
"Quercus_202121576_plastome",129685,"G","A","SNP",246223,"PASS",0.0909090909090909,0.698564593301435,0.37593984962406,0.37593984962406,895.818181818182,798,89.6172248803828,2.17,0.852,59.99,0,-1.147,0.935,189994
"Quercus_202121576_plastome",130007,"T","C","SNP",73256.4,"PASS",0,0,0.00478468899521531,0.00478468899521531,737.961722488038,626,99,32.28,0,60,0,-1.507,0.65,155910
"Quercus_202121576_plastome",130119,"C","A","SNP",4926320,"PASS",0,0,0.818181818181818,0.181818181818182,753.736842105263,642,99,34.51,0,60,0,0.066,0.45,163627
"Quercus_202121576_plastome",130879,"G","T","SNP",15464.4,"PASS",0.0430622009569378,0,0.00488997555012225,0.00488997555012225,591.143540669856,553,93.5167464114833,25.19,2.66,60,0,1.01,0.447,124738
"Quercus_202121576_plastome",131001,"A","C","SNP",1237.06,"PASS",0.0430622009569378,0,0,0,567.703349282297,516,94.4066985645933,27.49,0,60,NA,NA,1.28,119438
"Quercus_202121576_plastome",131203,"T","G","SNP",37638.2,"PASS",0.0239234449760766,0,0.00968523002421308,0.00968523002421308,571.047846889952,527,96.4258373205742,32.55,0,59.97,NA,NA,0.862,120342
"Quercus_202121576_plastome",131459,"T","G","SNP",50922.1,"PASS",0.0382775119617225,0,0.0048780487804878,0.0048780487804878,587.057416267943,527,94.311004784689,30.16,0,60,0,0.498,0.344,124018
"Quercus_202121576_plastome",131710,"T","C","SNP",143055,"PASS",0.0191387559808612,0,0.0483091787439614,0.0483091787439614,616.315789473684,581,96.5454545454545,30.01,0,60,0,0.882,0.726,130907
"Quercus_202121576_plastome",131863,"T","G","SNP",34798,"PASS",0.0813397129186603,0,0.0149625935162095,0.0149625935162095,571.090909090909,534,90.7320574162679,34.59,0,59.95,4.93,0.102,0.716,120446
"Quercus_202121576_plastome",132410,"ATATGAATCTTTCTTATTTTC","A","indel",33.92,"PASS",0.0239234449760766,0,0,0,529.277511961722,484,96.6459330143541,3.08,0,59.11,0.23,0.366,0.818,111371
"Quercus_202121576_plastome",132435,"T","C","SNP",46.04,"PASS",0.0334928229665072,0,0,0,531.712918660287,487,95.4114832535885,6.58,0,60,0,-1.981,0.892,111932
"Quercus_202121576_plastome",132436,"T","C","SNP",46,"PASS",0.0191387559808612,0,0,0,531.593301435407,485,96.4688995215311,6.57,0,60,0,-1.981,0.892,111907
"Quercus_202121576_plastome",132439,"T","G","SNP",46.04,"PASS",0.0334928229665072,0,0,0,531.875598086124,487,95.555023923445,6.58,0,60,0,-1.981,0.892,111976
"Quercus_202121576_plastome",132453,"A","AAATT","indel",1602.96,"PASS",0.00478468899521531,0.0334928229665072,0.0167865707434053,0.0167865707434053,534.133971291866,485,98.133971291866,2.28,5.728,59.81,-1.966,0.536,1.091,112492
"Quercus_202121576_plastome",132735,"T","G","SNP",2066.87,"PASS",0.0143540669856459,0.00478468899521531,0.00240963855421687,0.00240963855421687,535.617224880383,496,97.0334928229665,30.85,1.345,60,0,1.65,0.608,113106
"Quercus_202121576_plastome",133103,"G","GTATCATTAA","indel",300.37,"PASS",0.0574162679425837,0,0,0,485.291866028708,430,92.0909090909091,8.34,7.628,59.72,0.904,0.19,1.591,102203
"Quercus_202121576_plastome",133802,"T","G","SNP",62027,"PASS",0.0143540669856459,0,0.0192771084337349,0.0192771084337349,567.387559808612,523,97.1291866028708,30.69,0,60,0,0.827,0.657,120556
"Quercus_202121576_plastome",133955,"A","T","SNP",72937.8,"PASS",0.0956937799043062,0,0.0050251256281407,0.0050251256281407,570.688995215311,527,89.5502392344498,29.35,0.927,60,0,-0.094,0.893,120391
"Quercus_202121576_plastome",134032,"G","GCTA","indel",98.83,"PASS",0.0143540669856459,0,0,0,568.521531100478,523,97.4545454545455,2.91,8.804,59.67,0.498,-0.905,3.235,119574
"Quercus_202121576_plastome",134567,"C","T","SNP",243762,"PASS",0,0,0.0430622009569378,0.0430622009569378,432.899521531101,442,99,34.12,0,60,0,0.519,0.706,92470
"Quercus_202121576_plastome",134911,"T","C","SNP",77927.2,"PASS",0.0430622009569378,0,0.00488997555012225,0.00488997555012225,392.081339712919,389,94.1148325358852,31.4,0,60,0,-0.342,0.602,82814
"Quercus_202121576_plastome",134953,"A","ATT","indel",114.76,"PASS",0.00956937799043062,0,0,0,392.334928229665,389,97.7942583732057,3.96,22.548,60,0,-2.223,4.403,82953
"Quercus_202121576_plastome",134954,"A","ATACAG","indel",114.79,"PASS",0.0191387559808612,0,0,0,392.387559808612,389,96.11004784689,3.96,22.548,60,0,-2.635,4.403,82979
"Quercus_202121576_plastome",135155,"T","A","SNP",161.83,"PASS",0.0143540669856459,0.00478468899521531,0.00240963855421687,0.00240963855421687,407.167464114833,407,97.5789473684211,2.22,0,60,0,0.487,0.822,86841
"Quercus_202121576_plastome",135174,"T","G","SNP",75314.7,"PASS",0.00956937799043062,0,0.00480769230769231,0.00480769230769231,407.760765550239,410,97.9808612440191,35.35,0,60,-0.081,0.267,0.63,86372
